name,ratings,number of ratings,price
"Lenovo Tab M10 Plus, 10.3"" FHD Android Tablet, Octa-Core Processor, 64GB Storage, 4GB RAM, Iron Grey, ZA5T0300US",4.5 out of 5 stars,"5,927",169.99
Samsung Galaxy Tab A7 10.4 Wi-Fi 32GB Silver (SM-T500NZSAXAR),4.7 out of 5 stars,"9,385",199.99
"SAMSUNG Galaxy Tab S7 Wi-Fi, Mystic Black - 128 GB",4.8 out of 5 stars,"6,017",537.68
"Samsung Galaxy Tab A 8.0”, Lightweight Android Tablet with Large Screen Feel, WiFi, Camera, Long-Lasting Battery, 64 GB, Black",4.6 out of 5 stars,"11,682",199.99
"Samsung Galaxy Tab S6 Lite 10.4"", 64GB Wi-Fi Tablet Oxford Gray - SM-P610NZAAXAR - S Pen Included",4.8 out of 5 stars,"3,575",311.32
"Tablet 10 Inch Android 9.0 3G Phone Tablets with 32GB Storage Dual Sim Card 5MP Camera, WiFi, Bluetooth, GPS, Quad Core, HD Touchscreen, Support 3G Phone Call (Black)",3.8 out of 5 stars,"7,673",Price not found
"Lenovo Tab M8 Tablet, 8"" HD Android Tablet, Quad-Core Processor, 2GHz, 32GB Storage, Full Metal Cover, Long Battery Life, Android 9 Pie, ZA5G0060US, Slate Black",4.6 out of 5 stars,"3,038",99.99
"VANKYO MatrixPad S10 10 inch Tablet, 2 GB RAM, 32 GB Storage, Quad-Core Processor, Android OS, 10.1"" IPS HD Display, Wi-Fi, USB Type C Port, GPS, FM, Slate Black",4.4 out of 5 stars,"2,392",Price not found
"Tablet 9 Inch,Android 10.0 Tablets,9"" IPS Full HD Touch-Screen,1.6 GHz Quad Core Processor,2.4 WiFi Bluetooth 4.2,2GB RAM,32GB Storage,4000mAh Battery,Hyjoy HB901 (Silver Gray)",4.4 out of 5 stars,536,Price not found
"VASTKING KingPad K10 Pro 10.1"" Octa-Core Tablet, 4GB RAM, 64GB Storage, Android 10, 1920x1200 Tablet with Keyboard and Stylus Pen, 60Hz Screen Rate, 13MP Rear Camera, 5G WiFi, GPS, Silver Grey",4.4 out of 5 stars,231,Price not found
"Samsung Galaxy Tab A 8.0"" (2019, WiFi Only) 32GB, 5100mAh All Day Battery, Dual Speaker, SM-T290, International Model (32GB + 32GB SD Bundle, Silver)",4.6 out of 5 stars,"4,573",159.0
"BOOX Note Air 10.3 ePaper, Android 10, Front Light, G-Sensor, Digital Paper, E Ink Notepad",4.1 out of 5 stars,239,Price not found
NEW Microsoft Surface Duo 128GB (Unlocked) - Glacier,4.0 out of 5 stars,44,997.99
"Pritom 7 inch Kids Tablet, Quad Core Android,1GB RAM+16GB ROM, WiFi,Bluetooth,Dual Camera, Educationl,Games,Parental Control,Kids Software Pre-Installed with Kids-Tablet Case (Dark Blue)",3.8 out of 5 stars,"3,775",Price not found
"Tablet 10 Inch, Dual SIM Android 9.0 Quad Core Processor Tablets, 32GB ROM 6000mAh Battery Google Certified HD Tablet, Support 128GB Memory Storage Expand, WiFi, Bluetooth, GPS",3.8 out of 5 stars,875,Price not found
"Android 10.0 Tablet 10 inch qunyiCO Y10 (10.1''), 2GB RAM 32GB Storage, 2MP+8MP Dual Camera, Quad-Core Processor, 1280x800 IPS HD Display Screen, Wi-Fi Bluetooth 5000mAh, Google GMS Certified Black",4.1 out of 5 stars,"1,001",Price not found
"Samsung Galaxy Tab A7 10.4"" (2020, WiFi + Cellular) 32GB 4G LTE Tablet & Phone (Makes Calls) GSM Unlocked, International Model w/US Charging Cube - SM-T505 (WiFi + Cellular, Silver)",4.4 out of 5 stars,213,Price not found
"Tablet 10.1 Inch, Android 9.0 Pie Tablet PC with 32GB ROM/128GB Expand, Dual Sim Card 2MP+ 5MP Camera, WiFi, Bluetooth, GPS, Quad Core, IPS HD Display, Google Certified Tablet【2020 Newest Silver】",3.7 out of 5 stars,"1,571",Price not found
"VANKYO MatrixPad S10 Kids Tablet 10 inch, 2 GB RAM, 32 GB Storage, Quad-Core Processor, Kidoz Pre Installed, 10.1"" IPS HD Display, Android OS, WiFi Tablet, Dual Camera, GPS, FM, Pink Kid-Proof Case",4.4 out of 5 stars,873,Price not found
"Android Tablet 10 inch, PRITOM M10, 2 GB RAM, 32 GB Android 9.0 Tablet, 10.1 inch IPS HD Display, GPS, FM, Quad-Core Processor, Wi-Fi (M10 Black)",4.1 out of 5 stars,836,Price not found
"Tablet 10 inch Octa Core -TOSCIDO Android 10.0,1920x1200 HD IPS,4GB RAM,64GB ROM,13M & 5M Camera,5G Wi-Fi,Bluetooth 5.0,GPS,Type-C,Include Bluetooth Keyboard,Mouse,Tablet Case and More - Silver",4.4 out of 5 stars,301,Price not found
"Android Tablet Pritom 10 inch Android 9.0 OS Tablet, 2GB RAM, 32GB ROM, Quad Core Processor, HD IPS Screen, 2.0 Front + 8.0 MP Rear Camera, WiFi, Bluetooth - Tablet PC(Black)",4.2 out of 5 stars,"1,081",Price not found
"10"" Windows 10 Fusion5 FWIN232 Plus S1 Ultra Slim Tablet Computer - (4GB RAM, USB 3.0, Intel, 5MP and 2MP Cameras, Windows 10 S Tablet PC)",4.2 out of 5 stars,"1,489",219.97
Venturer 10 Inches Intel Celeron N4000 4GB RAM 64GB Storage Touch 2-in-1 Bluetooth WiFi Windows 10 Tablet PC,4.0 out of 5 stars,49,158.88
"Samsung Galaxy Tab A 8.0"" (2019, WiFi + Cellular) 32GB, 5100mAh Battery, 4G LTE Tablet & Phone (Makes Calls) GSM Unlocked SM-T295, International Model (32 GB, Silver)",4.4 out of 5 stars,911,Price not found
"Samsung Galaxy Tab A7 10.4"" 64GB with Wi-Fi + 64GB microSD Memory Card (Gray)",4.7 out of 5 stars,331,Price not found
"VASTKING KingPad K10 10 inch Tablet, Android 10, 1920x1200 Resolution Octa Core Tablet, Up to 1.8Ghz, 3GB RAM, 32GB ROM, 13MP Rear Camera, Bluetooth 5.0, 2.4G&5G Wi-Fi, GPS, Full Metal Body, Ash Grey",4.5 out of 5 stars,340,Price not found
Tablet for Toddlers Tablet Android Kids Tablet with WiFi Dual Camera 1GB 32GB Storage 1024 x 600 IPS Screen Parental Control Mode Google Playstore YouTube Netflix for Boys Girls Android 10,3.8 out of 5 stars,509,Price not found
"Contixo V8-2 7 inch Kids Tablets - Tablet for Kids with Parental Control - Android Tablet 16 GB HD Display Durable Case & Screen Protector WiFi Camera-Learning Toys, Pink",3.8 out of 5 stars,"11,176",70.99
"Samsung Galaxy Tab A 8.4"", 32GB, Mocha (LTE Verizon & WIFI) - SM-T307UZNAVZW (2020) US Model & Warranty",4.5 out of 5 stars,277,263.49
"VANKYO MatrixPad S30 10 inch Octa-Core Tablet, 3GB RAM, 32GB Storage, 1080P Full HD Display, Android OS, 13MP Rear Camera, Bluetooth 5.0, 5G Wi-Fi, GPS, Silver",4.4 out of 5 stars,"2,732",Price not found
Kids Tablet 7 inch Toddler Tablet for Kids Edition Tablet with WiFi Dual Camera Children’s Tablet for Toddlers 32GB Android 10 with Parental Control Shockproof Case Google Play YouTube Netflix (Blue),4.1 out of 5 stars,"1,309",Price not found
"TECLAST M40 Gaming Tablet 10 inch 6GB RAM 128GB ROM, 2.0Ghz Octa-Core CPU, Android Tablet, 5MP+8MP Camera, 1920x1200 FHD IPS, Bluetooth 5.0 Type-C 5G WiFi GPS",4.1 out of 5 stars,120,Price not found
"Android Tablet 10 Inch, 1080p Full HD Display, 1920x1200 IPS Touchscreen, Octa-Core Processor, 4GB RAM, 64GB Storage, 128GB Expand, 5G/2.4G WiFi, 8MP+2MP Camera, GPS, Bluetooth 5.0, FM, Metal Body",4.2 out of 5 stars,290,Price not found
"VANKYO MatrixPad S7 7 inch Tablet, Android OS, 2GB RAM, 32GB Storage, 5MP Rear Camera, Quad-Core, IPS HD Display, FM, GPS, Wi-Fi Only, Black",4.2 out of 5 stars,"2,528",Price not found
"Pritom 7 inch Kids Tablet, Quad Core Android 10, 16GB ROM, WiFi, Bluetooth, Dual Camera, Educationl, Games, Parental Control, Kids Software Pre-Installed with Kids-Tablet Case (Light Pink)",3.8 out of 5 stars,"1,090",Price not found
"VANKYO MatrixPad S8 8 inch Kids Tablet, 2GB RAM, 32GB ROM, Kidoz Pre Installed, 8"" IPS HD Display, Android OS, WiFi Tablet, Kid-Proof, Dual Camera, GPS, FM, Blue",4.5 out of 5 stars,"1,216",Price not found
"Samsung Galaxy Tab Active PRO 10.1"" | 64GB & WiFi Water-Resistant Rugged Tablet, Black – SM-T540NZKAXAR",4.6 out of 5 stars,175,563.99
"RCA Voyager 7” Android 10 Tablet w/Google Play, 16GB Storage, 2GB RAM, WiFi, Camera (RCT6876Q22N00)",3.8 out of 5 stars,531,59.99
"SAMSUNG Galaxy Tab A (2019,Wi-Fi) SM-T510 32GB 10.1"" Wi-Fi only Tablet - International Version (Black)",4.7 out of 5 stars,"4,478",Price not found
"VANKYO MatrixPad S20 10 inch Tablet, Octa-Core Processor, 3GB RAM, 32GB ROM, Android OS, IPS HD Display, Bluetooth 5.0, 5G WiFi, GPS, USB C,Metal Body, Gray",4.5 out of 5 stars,"1,461",Price not found
"VANKYO MatrixPad S8 Tablet 8 inch, Android OS, 2 GB RAM, 32 GB Storage, IPS HD Display, Quad-Core Processor, Dual Camera, GPS, FM, Wi-Fi, Black",4.3 out of 5 stars,"2,125",Price not found
"VANKYO MatrixPad Z1 Upgrade 7 inch Tablet, Android 10, 32GB Storage, Quad-Core Processor, IPS HD Display, Wi-Fi, Bluetooth, Black",4.0 out of 5 stars,"1,143",Price not found
"Dragon Touch Notepad K10 Tablet, 10 inch Android Tablet, 2GB RAM 32GB Storage, Quad-Core Processor, 10.1 IPS HD Display, Micro HDMI, Android 9.0 Pie, 5G WiFi, Metal Body Black",4.4 out of 5 stars,"7,640",Price not found
"Samsung Galaxy Tab A 8.0"" Tablet (Latest Model), 32GB, Wi-Fi, Android 9.0 Pie, Bluetooth, Bundled with Ghost Manta Accessories (W/GM 64GB MSD Card, Silver)",4.5 out of 5 stars,"1,225",159.99
"Tablet 10 inch Android Tablet, Android 10.0 Tablet Quad-Core Processor 32GB Storage Tablet Computer, 2GB RAM, 8MP Camera, Long Battery Life, Black",4.1 out of 5 stars,87,Price not found
"Tablet 10 inch Android Tablet, Quad-Core Processor 32GB Storage, Dual Sim Card, WiFi, Bluetooth, GPS, 128GB Expand Support, IPS Full HD Display (Black)",4.1 out of 5 stars,158,Price not found
"Android Tablet 10 Inch 2021, 32GB Storage, WiFi Tablets with Android 10.0 OS, 5MP Rear Camera, WiFi, Bluetooth, GPS, Google Certified, HD IPS Screen – Black",3.9 out of 5 stars,"1,308",Price not found
"Dragon Touch KidzPad Y88X Kids Tablet with 2GB RAM 32GB ROM, 7 inch IPS HD Display, Android 10.0, Quad Core Processor, Kidoz Pre Installed with Disney Contents, Kid-Proof Case, Wi-Fi only",4.7 out of 5 stars,69,Price not found
"Android 10.0 Tablet : MEBERRY 10"" Ultra-Fast 4GB/RAM,64GB/ROM Tablets-8000mAh Battery-WiFi Support - Bluetooth Keyboard | Mouse | M7 Tablet Cover and More Include - Blue",4.5 out of 5 stars,"2,545",Price not found
"Dragon Touch K10 Tablet, 10 inch Android Tablet with 16 GB Quad Core Processor, 1280x800 IPS HD Display, Micro HDMI, GPS, FM, 5G WiFi (Silver)",4.4 out of 5 stars,"7,819",Price not found
"Dragon Touch Y88X Pro 7 inch Kids Tablets, 2GB RAM 16GB ROM, Android 9.0 Tablet, Kidoz Pre Installed with Disney Contents (More Than $80 Value), Pink",4.2 out of 5 stars,"11,695",Price not found
"VANKYO MatrixPad P31 10.1 inch Octa-Core Tablet, 4GB RAM, 64GB Storage, Android 10, 1080P Full HD Tablet with Keyboard and Stylus, 13MP Rear Camera, Bluetooth 5.0, 5G Wi-Fi, GPS, Black",4.5 out of 5 stars,438,Price not found
"Samsung Galaxy Tab A7 10.4"" 2020 (64GB, 3GB) Wi-Fi Only Android 10 One UI Tablet, Snapdragon 662, 7040mAh Battery, SM-T500 (64GB SD Bundle, Dark Gray)",4.7 out of 5 stars,286,258.0
"Samsung Galaxy Tab A 10.1"" (2019, WiFi + Cellular) Full HD Corner-to-Corner Display, 32GB 4G LTE Tablet & Phone (Makes Calls) GSM Unlocked SM-T515, International Model (32 GB, Gold)",4.5 out of 5 stars,"2,325",256.99
"2021 New 10 inch Tablet 5G+2.4G WiFi, Octa-Core Tablet, Android 9.0 Pie, 3GB RAM, 32GB ROM, IPS Full HD1920x1200 Display, 5G WiFi, Frosted Metal Body (Black)",4.3 out of 5 stars,311,Price not found
"SAMSUNG Galaxy Tab Active2 8"" Ruggedized Tablet Wi-Fi 16GB, Black (SM-T390NZKAXAR)",4.5 out of 5 stars,125,405.75
"Dragon Touch KidzPad Y88X 7 Kids Tablet with WiFi, Android 10, 7” IPS HD Display, 32GB ROM, KIDOZ Pre-Installed, with Disney Authorized Contents, Kid-Proof Case, Shoulder Strap and Stylus, Pink",4.5 out of 5 stars,"1,921",Price not found
"Tablet 10.1 Inch Android 9.0 3G Phone Tablets with 2GB RAM+32GB ROM Dual Sim Card 2MP+ 5MP Camera, WiFi, Bluetooth, GPS, Quad Core, HD Touchscreen, Support 3G Phone Call (Black)",4.0 out of 5 stars,"2,623",Price not found
"MARVUE Pad M10 Tablet 10.1 Inch Android 10.0 Tablets 2GB RAM 32GB ROM Storage, 2MP+8MP Dual Camera, 2.4GHz WiFi, 1.6GHZ Quad Core Processor,10.1"" IPS HD Android Tablet, Metal Body(Black)",4.6 out of 5 stars,191,Price not found
"2021 Samsung Galaxy Tab A7 10.4’’ (2000x1200) TFT Display Wi-Fi Tablet Bundle, Qualcomm Snapdragon 662, 3GB RAM, 64GB Storage, Bluetooth, Dolby Atmos Audio, Android 10 OS + Oydisen 64GB SD Card",4.5 out of 5 stars,46,279.99
"Arknikko SophPad X11 Kids Tablet 7 inch, Android 10 Quad-Core, 2 GB RAM 32 GB Storage, Kidoz Pre-Installed & Parent Control, IPS HD Display, WiFi Tablet, Dual Cameras, Kid-Proof Case (Baby Pink)",4.4 out of 5 stars,168,Price not found
"Dragon Touch MAX10 Plus Tablet, Quantum Dot Resolution, Octa Core Processor, 3GB RAM 32GB Storage, Android 10.0, 10.1 inch 1920x1200 FHD Screen, Wide Color Gamut Display, Eye Care, Black",4.6 out of 5 stars,269,Price not found
"BOOX Max Lumi 13.3 ePaper, Front Light, Android 10, Fingerprint Recognition, 207dpi, BT 5.0 Digital Paper 4G 64G",4.3 out of 5 stars,70,Price not found
"Android 10 Tablet with Case 3GB RAM 32GB Storage WiFi Tablets 10 Inch Voice Control with Google Assistant, Dual Speakers, Dual Cameras, Black",4.0 out of 5 stars,206,Price not found
"Dragon Touch KidzPad Y88X Kids Tablet with 2GB RAM 32GB ROM, 7 inch IPS HD Display, Android 10.0, Quad Core Processor, Kidoz Pre Installed with Disney Contents, Kid-Proof Case, Wi-Fi only",4.4 out of 5 stars,16,Price not found
"VANKYO MatrixPad Z1 Kids Tablet 7 inch, 32GB ROM, Kidoz Pre Installed, IPS HD Display, WiFi Android Tablet, Kid-Proof, Blue",3.9 out of 5 stars,"4,788",Price not found
Kids Tablet Toddler Tablet for Kids WiFi Android 32GB Kids Tablets 4000mAh HD Display Kids Learning Educational APP Pre-Installed Parental Control Kid-Proof Case with Handles (Rosered1),3.8 out of 5 stars,442,Price not found
"Dragon Touch K10 Tablet, 10 inch Android Tablet with 16 GB Quad Core Processor, 1280x800 IPS HD Display, Micro HDMI, GPS, FM, 5G WiFi, Black Metal Body",4.4 out of 5 stars,"4,716",Price not found
"VANKYO MatrixPad S21 10 inch Octa-Core Tablet, Android OS, 2GB RAM, 32GB ROM, IPS HD Display, Bluetooth 5.0, 8MP Rear Camera, 5G WiFi, USB C, GPS, Metal Body",4.5 out of 5 stars,981,Price not found
"Samsung Galaxy Tab S5e- 10.5"" 64GB, LTE Unlocked- SM-T727UZKAXAA, Black",4.7 out of 5 stars,"2,938",439.21
"Kids Tablet 7 Android Kids Tablet Toddler Tablet Kids Edition Tablet with WiFi Dual Camera Childrens Tablet 1GB + 32GB Parental Control, Google Play Store (Green)",3.7 out of 5 stars,"5,406",Price not found
Tablet 8-Inch Android 10.0 - Winnovo M8 Quad Core Processor 32GB Storage HD IPS Display Gravity Sensor Bluetooth WiFi GPS FM (Black),3.2 out of 5 stars,53,Price not found
"Tablet 10 Inch Android 9 HD Dual Sim Tablets with Quad Core, 32GB ROM /128 GB Expand, 3G Phone Call, WiFi, Bluetooth, Dual Camera, GPS, IPS Touchscreen, GMS Google Certified Tablet PC, (Black)",4.0 out of 5 stars,623,Price not found
"TJD 7 inch Tablet for Kids, Android 10.0 Kids Tablet with Educational Learning Software Pre-installed, Parent Control, Quad-Core Wi-Fi Bluetooth Dual Cameras Silicon Case for Boys Girls MT-762QU Green",3.0 out of 5 stars,50,Price not found
"Jumper Touchscreen Laptop, 11.6 inch Full HD Small Laptop, 6GB RAM, 128GB eMMC 360 Degree Convertible Tablet PC Windows 10 Ultrabook PC Intel Celeron Quad Core Processor",3.9 out of 5 stars,728,Price not found
"HAOVM 7inch Android Tablet, Android 10.0 Android Q Mediapad P7, Quad-Core 1.4GHz Processor, 32GB Storage, Dual Camera, 1024x 600 IPS HD Display, GPS, FM, BT4.2, 5.0 WiFi Tablet Non-Scratch Glass Back",3.9 out of 5 stars,156,Price not found
"PRITOM 10 inch Tablet, 3 GB RAM, 32GB ROM, Android 10.0, IPS HD Display, Octa-core Processor, GPS, FM, Type-C, WiFi 2.4&5G, Double Speakers-Android Tablet",4.1 out of 5 stars,194,Price not found
"Android Tablet Pritom 8 inch Android 9.0 Pie Tablet, 2GB RAM, 32GB ROM, Quad Core Processor, HD IPS Screen, 2.0 Front + 8.0 MP Rear Camera, Wi-Fi, Bluetooth, Tablet PC(Black)",4.1 out of 5 stars,341,Price not found
"MARVUE M10 Tablet, 10.1 inch Android Tablet, 2GB RAM 32GB ROM Storage, 2+8MP Dual Camera, 800x1280 IPS HD Display, Quad Core Processor Android 10.0, WiFi, USB Type C Port, Metal Body",4.6 out of 5 stars,86,Price not found
"Venturer 14"" Luna Max Quad-Core 3GB RAM 64GB Storage IPS 1920 x 1080 FHD Touchscreen WiFi Bluetooth with Detachable Keyboard Android 10 Tablet",4.2 out of 5 stars,74,Price not found
"Android 10 Tablet Facetel Q3 Pro 10 inch Tablets: Octa-Core Processor, 3 GB RAM 32 GB Storage 128GB Extended Memory, Google GMS, Wi-Fi, Bluetooth, GPS, Keyboard & Mouse, Metal Grey",4.4 out of 5 stars,"1,050",Price not found
"Lenovo Smart Tab M10 Plus, FHD 10.3"" Android Tablet, Alexa-Enabled Smart Device, Octa-Core Processor, 32GB Storage, 2GB RAM, Wi-Fi, Bluetooth, ZA6M0030US, Platinum Grey",4.1 out of 5 stars,488,155.99
"RCA Newest Best Performance Tablet Quad-Core 2GB RAM 32GB Storage IPS HD Touchscreen WiFi Bluetooth with Detachable Keyboard Android 9 Pie (10"", Charcoal)",4.2 out of 5 stars,604,Price not found
"Pritom Kids Tablet, 32 GB ROM, Quad Core Processor, HD IPS Display, WiFi 7 inch Android Tablet, Kid-Proof with Kids Tablet Case",4.1 out of 5 stars,442,Price not found
"Lenovo Yoga Smart Tab, 10.1"" FHD Android Tablet, Octa-Core Processor, 64GB Storage, 4GB RAM, Iron Grey, ZA3V0005US",4.6 out of 5 stars,200,232.0
"Delphin Waterproof Micro Tablet Compatible with Audible and More, Plus Built in Lap Tracking! (8GB, Swimbuds Sport)",3.5 out of 5 stars,348,Price not found
"AEEZO Tablet 7 inch - Android 10 Tablets, 1080P FHD Display, 2GB RAM, 32GB Storage, Quad-Core Processor, 2MP+5MP Camera, Wi-Fi, Bluetooth, Black",4.0 out of 5 stars,121,Price not found
"Tablet 10.1 inch Android 10 Go Tablet, Quad-core, 1.5GHz, 1GB RAM, 16GB Flash, 1024x600 LCD Display, 0.3MP and 2MP Camera, 2.4G WiFi, Bluetooth 4.0, 5000mAh Battery Capacity, Black",4.1 out of 5 stars,185,Price not found
"Tablet 10 inch, Android 8.1 Tablets PC, 16GB, 5G WiFi and Dual Camera, Support Wireless Keyboard, GPS, Bluetooth, 1280x800 IPS Display, Google Certified Tablets - Black",3.9 out of 5 stars,"3,113",Price not found
"Tablet 10 inch, High Performance 2 in 1 Android 9.0 Tablets with Keyboard Case & Mouse, 3GB RAM 64GB Storage, Quad Core, Dual Sim Card, 4G WiFi, 8MP Camera, 8000 mAh, FM, GPS, Bluetooth - Pink",3.9 out of 5 stars,664,Price not found
"10"" Tablet with 2GB RAM 32GB Storage Android 9.0 Pie, 10.1 inch IPS HD Display, Android Tablet with Case/Stylus, Quad-Cord Processor, Wi-Fi, Bluetooth",3.6 out of 5 stars,45,Price not found
"Tablet 10.1 inch Android Tablet with 32GB Storage, 3G Phone Tablets & Dual Sim Card & 5MP Dual Camera, Quad Core Processor, 1280x800 IPS HD Display,GPS,FM，Bluetooth(Silver)",3.9 out of 5 stars,580,Price not found
"Dragon Touch KidzPad Y88X 10 Kids Tablets - Installed Disney Audio Books, 2GB RAM 32GB ROM, Quad-Core Processor, 10.1 IPS HD Display, Micro HDMI, Android 9.0 Pie, 5G WiFi, HDMI Port, Straps and Stylus",4.7 out of 5 stars,717,Price not found
"Kids Tablet 7 Inch WiFi Android 10 Tablet PC 2021 New IPS HD Screen, 2GB RAM 32GB ROM, Parental Control,Kid-Proof Case with Stand, Blue",4.5 out of 5 stars,56,Price not found
"Tablets, Android Tablet 8 inch, Android 10.0 Tablet 2GB RAM, 32GB Storage Quad-Core Processor Kids Tablet PC Tab (Black)",4.3 out of 5 stars,25,Price not found
"AVITA Magus II 10.1"" HD Tablet with Detachable Keyboard, Windows 10, Intel Processor, 4GB Ram & 64GB Storage (Blue)",4.1 out of 5 stars,370,Price not found
"Surfans Kids Tablet, 7 inch IPS FHD Display, 2GB RAM, 32GB ROM, WiFi Android Tablets for Kids with Kids-Proof Case …",3.7 out of 5 stars,476,Price not found
Kids Tablet 7 inch 2021 WiFi Android 10 Tablet PC New FHD 1920x1200 IPS Screen 2GB RAM 32G ROM,4.0 out of 5 stars,"1,206",Price not found
"Tablet 10 Inch, Android 10.0 Tablets 2021 with 32GB Storage and Dual Camera, 1280x800 IPS Touchscreen, 6000mA Battery, Support Microsoft Office Software, Wi-Fi, Bluetooth 4.2, GPS, Black",4.0 out of 5 stars,15,Price not found
2020 Samsung Galaxy Tab A7 10.4” Inch 32 GB Wi-Fi Android 10 Touchscreen International Tablet (Gray) Bundle – Slim Trifold Hard Shell Case and 32GB Micro SD Card,4.7 out of 5 stars,393,259.99
"Kids Tablet PC, Veidoo Premium 7 inch Android Tablet PC, 1GB/16GB, Safety Eye Protection Screen, Parental Control APP, Best Gifts for Kids (Pink)",3.9 out of 5 stars,"1,584",Price not found
"RCA (RCT6973W43MDN) 7"" Voyager III Android Tablet - Dual Cameras and Google Play - (16GB, Black)",3.5 out of 5 stars,457,Price not found
MobileDemand Flex 10B Rugged Touchscreen Tablet | Ultra Lightweight | 10.1-in Display | Windows 10 Pro | MIL-STD-810G |3000mAh Battery| Quad Core Celeron N4100 for Enterprise Mobile Field Work,4.3 out of 5 stars,34,595.0
"G PAD 5 10.1IN 32GB 4G LTE BLK Unlock, LM-T600QSCCASV",4.6 out of 5 stars,232,239.0
"SAMSUNG Galaxy Tab A- 10.1"" 64GB, Wifi Tablet- SM-T510NZKFXAR Black",4.7 out of 5 stars,"16,389",Price not found
"VANKYO MatrixPad S20 Tablet 10 inch, Octa-Core Processor, 3GB RAM, 64GB ROM, Android OS, IPS HD Display, Bluetooth 5.0, 5G WiFi, GPS, USB C,Metal Body, Gray",4.5 out of 5 stars,281,Price not found
"Android 10.0 Pie Tablet 10 Inch,HAOVM MediaPad P10 Tablets Octa-Core 1.6GHz Processor,3GB RAM,32GB Storage,10.1"" IPS HD Display Screen,5G WiFi,128GB Expand,6000mAh,GPS,Type-C Port,Brushed Texture Back",4.6 out of 5 stars,19,Price not found
"Pritom TronPad L10 Tablet - 10'' Android 10.0 Tablet, Octa-Core Processor, HD IPS Display, 6000mAh Battery, 3G RAM, 32G Storage, 5G&2.4G WiFi, GPS, Dual Camera & Double Speakers, USB C, Silver",4.2 out of 5 stars,393,Price not found
"RCA Newest Best Performance Tablet Quad-Core 2GB RAM 32GB Storage IPS HD Touchscreen WiFi Bluetooth with Detachable Keyboard Android 9 Pie (10"", Lavender)",4.3 out of 5 stars,872,119.99
"Kids Tablet,7 inch Android 9.0 Kids Edition Tablet with WiFi,GMS Certified, 2GB+16GB Tablet for Kids,Children Tablet with Parental Control, 40+APP Pre-Installed and Kids-Proof Case",3.7 out of 5 stars,41,Price not found
"Samsung Galaxy Tab A7 10.4"" (32GB, 3GB, WiFi + Cellular) 4G LTE Tablet GSM Unlocked (Global, T-Mobile, AT&T, Metro) International Model SM-T505 (64GB SD Bundle, Silver)",4.1 out of 5 stars,28,247.13
"Android 10.0 Tablet : MEBERRY 10 inch Tablets with 4GB RAM+64GB ROM| 128GB Expansion| Octa-Core Processor| Google Certified| 8000mAh Battery| WiFi| GPS| Double Camera, Grey",4.4 out of 5 stars,294,Price not found
qunyiCO 7 inch Kids Tablet 32GB Android 10.0 WiFi Camera Bluetooth 2GB RAM HD Touch Screen 1024x600 Kid-Proof Case Parental Control Learning App on Google Certified Playstore Blue,4.0 out of 5 stars,326,Price not found
"TRIPLTEK Tablet 7"" PRO 8GB RAM High Brightness 1200 nits, 4G LTE Unlocked, 8 Core Processor 128GB, Android 9, Long Battery Life 10000mah, Rugged Military Construction, Brightest Tablet on The Market.",4.3 out of 5 stars,73,680.0
"Tablet 8 inch, Android 10.0, 2GB RAM 32GB ROM, 3G LTE Phone Tablet, Quad-Core Processor,1280x800 HD IPS Touch Screen,8MP+5MP Dual Camera,Wi-Fi,Bluetooth,GPS(Golden, Metal Material)",4.2 out of 5 stars,321,Price not found
"VANKYO MatrixPad S7 Kids Tablet 7 inch IPS HD Touch Screen, 2GB RAM 32GB ROM, Kidoz Pre Installed, Android OS, WiFi, Kid-Proof, 5MP Camera, w/Stylus, Blue",4.5 out of 5 stars,638,Price not found
"Voger PriorPad X100 Tablet 10 inch, Android 10.0, 2GB RAM 32GB Storage, 2MP+8MP Dual Camera, 1280x800 IPS HD Display, Dual-WiFi Support, Bluetooth, Google GMS Certified, Quad-Core Processor (Black)",4.1 out of 5 stars,236,Price not found
"Tablet for Kids 7 inch Kids Tablet, 2GB RAM 16GB ROM, Android 9.0 Tablet, Parent Control, IPS HD Display, Kid-Proof, WiFi, Google Certified Playstore, Android Tablet, Rose",3.9 out of 5 stars,120,Price not found
"Android 10.0 Tablet, Vastking Kingpad SA10 Octa-Core Processor, 3GB RAM, 32GB Storage, 10-inch, 1920x1200 IPS, 5G Wi-Fi, GPS, 13MP Camera, Bluetooth, Blue Light Filter Screen, Silver Grey",4.4 out of 5 stars,397,Price not found
"BOOX Nova3 Color 7.8 ePaper Color Digital Paper Tablet Cold Light Only,100DPI Color Mode, 300DPI B/W Mode",0,0,Price not found
"ZONKO Tablet 10 inch 4G Phone Tablet with Dual Sim Card Slot Android 10 Tablet PC, 4GB+64GB Storage Octa-Core Processor,13MP Dual Camera, WiFi Tablet with Keyboard, Wireless Mouse, Stylus(Grey)",4.3 out of 5 stars,60,Price not found
"Samsung Galaxy Tab A7 10.4"" 2020 (32GB, 3GB) Wi-Fi Only Android 10 One UI Tablet, Snapdragon 662, 7040mAh Battery, SM-T500 (US Model, 64GB SD Bundle, Dark Gray)",4.9 out of 5 stars,12,Price not found
"Samsung Galaxy Tab S6 Lite 10.4’’ Touchscreen (2000x1200) WiFi Tablet, Octa Core Exynos 9610 Processor, 4GB RAM, 64GB Memory, 5MP Front and 8MP Rear Camera, Bluetooth, Android 10 w/S Pen & Cover",4.8 out of 5 stars,113,361.0
Samsung Galaxy Tab A7 10.4 Wi-Fi 32GB Tablet - Gold SM-T500NZDAXAR (2020),4.5 out of 5 stars,26,207.99
"Kids Tablet, Foren-Tek K88 7 Inch Android 9.0 Tablet for Kids, 2GB RAM +32GB ROM, Kid Mode Pre-Installed, WiFi Android Tablet, Kid-Proof Case (Pink)",4.4 out of 5 stars,94,74.99
"Dragon Touch Max10 Tablet, Android 10.0 OS, Octa-Core Processor, 3GB RAM, 32GB Storage, 10 inch Android Tablets, 1200x1920 IPS Full HD Display, 5G WiFi, USB Type C Port, Black",4.4 out of 5 stars,"1,800",Price not found
"Tablet for Kids,Kids Tablet 7 Android Kids Tablets for Toddlers Kids Pre-Installed Learning Toy Tablet IPS Eye Protection WiFi Camera Google Play Store 1GB+32GB Parent Control with Shockproof Case",4.0 out of 5 stars,"1,138",Price not found
"Samsung Galaxy Tab Active3 Enterprise Edition 8” Rugged Multi Purpose Tablet |64GB & WiFi | Biometric Security (SM-T570NZKAN20), Black",4.3 out of 5 stars,17,489.99
"Dragon Touch Notepad 102 Tablet, 10-inch Tablet, Android 10, Octa-Core Processor, 3GB RAM, 32GB ROM, IPS HD Display, Bluetooth 5.0, 5G WiFi, GPS, Metal Body, Gray",4.6 out of 5 stars,716,Price not found
"SAMSUNG Galaxy Book S 13.3"" FHD Touchscreen | Intel Core i5 Processor | 8GB Memory | 256GB SSD (NP767XCM-K01US), Mercury Gray",4.4 out of 5 stars,139,669.0
Samsung Electronics Tab A7 Bookcover - Grey (EF-BT500PJEGUJ),4.7 out of 5 stars,557,43.21
"TECLAST Android Tablet 10 inch 4GB RAM+64GB ROM 2.4G+5G WiFi Tablets, P20HD Octa-Core Processor 256GB Expand 1080P FHD, 1920x1200 IPS Bluetooth5.0 5MP Rear Camera GPS Type-C",3.8 out of 5 stars,87,Price not found
"Android Tablet 10 Inch, 5G WiFi Tablet, 16 GB Storage, Google Certified, Android 8.1 Go, Dual Camera, Bluetooth, GPS – Black",3.9 out of 5 stars,"3,122",Price not found
Samsung Galaxy Tab A 8.0 Inches 2019 T295 LTE (32GB) Factory Unlocked Tablet,4.3 out of 5 stars,182,Price not found
"Tablet 10.1 Inch Android 10.0, 4GB+64GB/ 128GB Extend Octa-Core 1.6 GHz Processor Tablets,13MP Rear Camera, Bluetooth 5.0, Wi-Fi, GPS + Tablet with Keyboard Case. (64G)",4.6 out of 5 stars,9,Price not found
"Tablet 10 Inch Android 10.0 OS with 32GB Storage, 5MP Rear Camera, Quad Core 1.6GHz, WiFi Tablet, Bluetooth, GPS, HD Touchscreen, Google Certified (Black)",4.3 out of 5 stars,7,Price not found
"Tablet 10.1 Inch Android 10.0 4G Phone Tablets with 4G RAM, 64GB Storage, Dual Sim Card Slot, 13MP Camera, WiFi, Bluetooth, GPS, Octa Core Processor, HD Touchscreen, Support 4G Phone Call (Gray)",0,0,Price not found
"Lenovo Tab M10 HD 10.1"" Tablet, Android 9.0, 16GB Storage, Quad-Core Processor, WiFi, Bluetooth, ZA4G0000US, Slate Black",4.4 out of 5 stars,"2,613",179.99
"GOODTEL G6 7"" Kids Tablets 16 GB ROM 128GB Extended Memory，GMS Google Certification Android 10 Tablet Quad-Core,Google Play Pre Installed,IPS HD Display,Kid-Proof Case (Blue)",3.8 out of 5 stars,"1,172",Price not found
"Samsung Galaxy Tab S6 Lite 10.4"", 64GB WiFi Tablet - SM-P610 - S Pen Included (International Model) (Oxford Gray)",4.9 out of 5 stars,182,349.99
"RCA 11 Delta Pro 11.6 Inch Quad-Core 2GB RAM 32GB Storage IPS 1366 x 768 Touchscreen WiFi Bluetooth with Detachable Keyboard Android 9.0 Tablet (11.6"", Pink)",4.1 out of 5 stars,"1,224",Price not found
"Kids Tablet 7 inch Android 9.0 Kids Tablets Toddler Tablet Kids Educational Tablet with WiFi Childrens Tablet 1GB + 8GB Parental Control, Google Play Store-Blue",3.7 out of 5 stars,619,Price not found
"Samsung Galaxy Tab A7 10.4"" 2020 (32GB, 3GB) Wi-Fi Only Android 10 One UI Tablet, Snapdragon 662, 7040mAh Battery, International Model SM-T500 (Dark Gray)",4.6 out of 5 stars,164,221.99
"Pritom 7 inch Tablet - Android 9.0 Oreo Go Tablet PC with 32 GB Storage, Quad Core Processor, HD IPS Display, Dual Cameras, WiFi, Bluetooth - Android Tablet, Black",3.9 out of 5 stars,958,Price not found
"Samsung Galaxy Tab S6- 10.5"" 256GB, Wifi Tablet- SM-T860NZALXAR, Mountain Gray",4.7 out of 5 stars,"3,756",649.0
Kids Tablet 7inch Tablet for Kids Android Toddler Tablet HD Display 32GB Kids APP Preinstalled Learning Tablet WiFi Education Dual Cameras with Kid-Proof Case YouTube Netflix Google Play Store,3.8 out of 5 stars,243,Price not found
"RCA Android Tablet Bundle (8″ Tablet, Audio Books, Bumper Case, Headphones) – Disney Edition Pink",4.3 out of 5 stars,276,Price not found
"Tablet 10.1 inch Android Tablet AWOW, 1.5GHz Quad Core, 2GB RAM, 16GB ROM, 1280 x 800 HD IPS, 0.3MP & 2MP Camera, Android 10（Go Edition）, 2.4G WiFi, Bluetooth 4.0, 5000mAh Battery Capacity",4.0 out of 5 stars,197,Price not found
Kids Tablet 7 inch Toddler Tablet Android Tablet for Kids 16GB 4000Mah Parent Control with Pre-Installed Educational APP WiFi Kids Edition Learning Tablet Kid-Proof Case (Pink),4.0 out of 5 stars,591,Price not found
"RCA 14"" Luna Max [RCT6T48Q35] Quad-Core 3GB RAM 128GB Storage IPS 1920 x 1080 FHD Touchscreen WiFi Bluetooth with Detachable Keyboard Android 10 Tablet (Copper Marble)",4.1 out of 5 stars,33,229.99
RCA Dual 10 inches Fast Quad Core Tablets 16GB & DVD Player Combo - 2 Tablets 1 DVD Player Kit Touchscreen WiFi with Android OS,4.1 out of 5 stars,19,Price not found
"Beneve Kids Tablet 7 inch IPS HD Display Android Tablet for Kids Toddler Tablet Kids Edition Tablet with WiFi Dual Camera Childrens Tablet 2GB + 16GB Parental Control,Google Play Store (Red+Pink)",4.0 out of 5 stars,106,Price not found
"SANNUO 10 inch Kids Tablet,Android 10.0 RAM 3GB ROM 32GB 3G LET Dual SIM Card for Kids Education, Watch Movie and Play Game(Pink)",4.3 out of 5 stars,115,Price not found
"Samsung Galaxy Tab A 10.1"" (2019, WiFi Only) Full HD Corner-to-Corner Display, (32GB, 2GB RAM), Tablet SM-T510, (International Model) (WiFi Only, Gold)",4.6 out of 5 stars,"1,149",Price not found
"Padgene Kids Tablet 7 Inch,Android 9.0 Parental Control Kids Mode Pre-Installed WiFi Tablet Learning Games Camera IPS HD Display 1 GB+16GB with Kid-Proof Case (7 Inch, Blue)",3.6 out of 5 stars,"3,811",55.99
"RCA 11.6"" 2GB RAM 128GB Storage 2-in-1 Tablet with Keyboard Touchscreen WiFi Bluetooth and DJ Headphones (Red Python)",4.2 out of 5 stars,121,156.99
"10 Inch Tablet with Case Built-in Stand, Android Tablet 10 Inch, Android 10.0, 3GB RAM 32GB Storage, 5MP+8MP Dual Cameras, WiFi, Bluetooth, 1.6GHz Quad-Core, IPS HD Touchscreen WiFi Tablet (Black)",4.0 out of 5 stars,48,Price not found
"Android 10.0 Tablet 10 Inch, Octa-Core Processor, 2.4G WiFi, 1920x1200 HD ThouchScreen Large Tablets with 13MP Rear Camera, 6000mAh Battery, 32GB ROM 128GB Expand Storage, Bluetooth/GPS/FM/OTG",4.1 out of 5 stars,95,Price not found
"CHUWI Hi10 X Tablet with Keyboard and Stylus Pen, 10.1"" 2 in 1 Tablet PC, Intel N4120 Quad-core, 6GB LPDDR4 128GB eMMC, 1920x1200 FHD IPS Multi-Touch Display, 2xType-C, BT5.1, Dual Wi-Fi, Windows 10",4.0 out of 5 stars,412,Price not found
Tablet 10-Inch Android 10.0 - WINNOVO WinTab P20 Octa Core Processor 3GB RAM 64GB Storage 1920x1200 FHD IPS Display 13MP Rear Camera 5G WiFi Bluetooth 5.0 GPS FM Brushed Metal Shell (Grey),4.0 out of 5 stars,21,Price not found
"Contixo V9-3-32 7 Inch Kids Tablet, 2GB RAM 32 GB ROM, Android 10 Tablet, Educational Tablets for Kids, Parental Control Pre Installed Learning Game Apps WiFi Bluetooth Tablets for Kids 6+ Age, Purple",3.9 out of 5 stars,893,Price not found
"Vanquisher 8-Inch Industrial Rugged Tablet PC, Windows 10 Pro/GPS GNSS / 4G LTE/Drop Survival, for Enterprise Field Mobility",4.1 out of 5 stars,35,569.99
RCA 11 Delta Pro 11.6 Inch Quad-Core 2GB RAM 32GB Storage IPS 1366 x 768 Touchscreen WiFi Bluetooth with Detachable Keyboard Android 10 Tablet,4.3 out of 5 stars,336,Price not found
"2021 Newest Lenovo Smart Tab M8 with Google Assistant, 8 inch 1280x800 IPS Touchscreen Android Tablet, Quad-Core Processor, 2GHz RAM, 32GB Storage, Long Battery Life, Android 9 Pie + Oydisen Cloth",4.5 out of 5 stars,74,149.99
"Venturer 14"" Luna Max [VCT9T48Q34RBM] Quad-Core 3GB RAM 64GB Storage IPS 1920 x 1080 FHD Touchscreen WiFi Bluetooth with Detachable Keyboard Android 10 Tablet",4.0 out of 5 stars,80,198.99
"CHUWI UBook X 12 inch Touchscreen Tablet PC Bundled with Keyboard and Stylus Pen, 8GB RAM 256GB SSD, 2160x1440 Pixels Display,Intel N4100 Quad Core Processor, Type-C Dual Wi-Fi, Windows 10 - Gray",4.1 out of 5 stars,325,Price not found
"Vizio XR6M10 6"" Touch Screen Android Tablet with Bluetooth and Smartcast Capabilities.",4.1 out of 5 stars,295,Price not found
"Kids Tablet 7 inch, Android 9.0 Tablet for Kids, 2GB+16GB, Pre-Installed Parent Control IPS HD Display, WiFi Android Tablet, Kid-Proof, Learning Tablet Rose",5.0 out of 5 stars,16,Price not found
"TJD MT-1010OF 10 inch Tablet, Android 10.0 Tablet with 2GB RAM 32GB Storage 128GB Extended Memory, Octa-Core Processor, HD Display, Front 2.0MP Rear 5.0MP Camera, Y4.0Bluetooth, G-Sensor, GPS, Black",4.1 out of 5 stars,9,Price not found
"Samsung - Galaxy Tab A - 8"" - 32GB - Silver with WiFi Portable Tablets, iPuzzle 32GB SD Card",4.5 out of 5 stars,33,149.95
"CHUWI UBook 11.6'' Touchscreen Windows 10 Tablet PC, Intel N4100 Quad Core Processor, 1080P Display, 8GB RAM/256GB SSD with Type-c, USB 3.0(Keyboard and Pen not Included)",3.9 out of 5 stars,85,Price not found
"10.1 inch Kids Tablets Android 10 Go, 2+32GB ROM, KIDOZ Pre-Installed, 2.4G WiFi only, 1024x600 Touchscreen, AWOW Funtab 1001, Adjustable Kid-Proof Case, Active Pen (10.1-inch-KIDOZ-232-Blue)",4.6 out of 5 stars,52,Price not found
"Fusion5 7"" Android 10 Q Go Tablet PC - (Google Certified Android 10, 2GB RAM, 32GB Storage, WiFi, BT, 1024x600 IPS Screen, 5MP and 2MP Cameras, F704Bv2 Model Tablet PC)",3.8 out of 5 stars,193,69.97
Android 10.0 Tablet 10 inch with Sim Card Slots 4GB RAM 64GB ROM Quad Core 3G Unlocked GSM Phone Tablet PC Compatible with Bluetooth WiFi GPS (White),4.2 out of 5 stars,7,Price not found
"Android Tablet 10 Inch, 5G WiFi Tablet with Dual Camera, 16GB Storage, Android 8.1 Tablets PC, Quad-Core Processor, Google Certified, 1280x800 IPS HD Display, Bluetooth, GPS, FM - Black",4.0 out of 5 stars,"1,563",Price not found
"Kids Tablet 7 inch Quad Core Android Tablet Works 8 Hours,Eyes Protection Screen, Dual Cameras, Parental Control, Pre-Installed Educational Free Kids APP, Kids Games App,Google Play Store",3.8 out of 5 stars,312,Price not found
"Android Tablet 10 inch, Dual Band 5G/2.4G WiFi Tablets, Quad-Core, 16GB Storage, Dual Cameras & Speakers, 1280800 IPS HD Display, SD Card Slot, Support OTG, USB, GPS, Bluetooth, FM, 6000mAh - Silver",3.8 out of 5 stars,460,Price not found
"Kids Tablets 7"" 2GB RAM 32GB Storage Android 10 Kidoz Learning Tablet IPS HD Display WiFi Tablet for Girls, Compatible with Disney + APP, Pink",4.2 out of 5 stars,437,Price not found
"Tablet for Kids,7 inch Kids Tablet Android 9.0 Edition Tablet with WiFi and Bluetooth,GMS Certified, 2GB+16GB Tablet for Kids,Children Tablet with Parental Control",3.7 out of 5 stars,245,Price not found
"HAOVM Mediapad P10 10inch Tablet, Android 10.0, Octa-Core 1.6GHz Processor, 3GB RAM 32GB Storage 8.0MP Camera, 10.1"" IPS HD Display, Wi-Fi, USB Type C Port, GPS, FM, Brushed Texture Back",4.2 out of 5 stars,47,Price not found
Kids Tablet 7 Inch IPS HD Quad Core Android 10.0 Tablet PC for Kids - GMS Certificated Dual Cameras 2GB RAM 32GB ROM WiFi with Handheld Kids-Proof Silicon Case for Kids Educational（Pink）,3.8 out of 5 stars,908,Price not found
"HP Chromebook 14-inch Laptop with 180-Degree Hinge, Full HD Screen, AMD Dual-Core A4-9120 Processor, 4 GB SDRAM, 32 GB eMMC Storage, Chrome OS (14-db0040nr, Chalkboard Gray)",4.4 out of 5 stars,"4,275",Price not found
7inch Tablet for Kids 3-14 Android Toddler Tablet 32GB Dual Cameras Tablet Kids APP Preinstalled & Parent Control Kids Tablet WiFi Learning Tablet for Toddlers YouTube Netflix Google Play Store,3.7 out of 5 stars,847,Price not found
Venturer 10.1 Inch 2-in-1 Detachable Windows Laptop,4.4 out of 5 stars,6,154.99
"Tablet 10 inch Android 10 Tablet Octa-Core Processor with 32GB Storage, Dual 13MP+5MP Camera, WiFi, Bluetooth, GPS, Support 128GB Expand, IPS Full HD Display 2021 Latest Update (Silver)",4.8 out of 5 stars,41,Price not found
"Android 10, 8-inch Android Tablet, Vastking Kingpad SA8 Octa-Core Processor, 3GB RAM, 32GB Storage, 1920x1200 IPS, 5G Wi-Fi, GPS, 13MP Camera, Blue Light Filter Screen, Silver Grey",3.9 out of 5 stars,63,Price not found
"VUCATIMES N20 10-inch Tablet, Android 10.0, Octa-Core Processor, 3GB RAM, 64GB ROM, IPS 1200x1920 FHD Display, 13.0MP Camera, 5G Wi-Fi, Bluetooth 5.0, USB, GPS, FM, Metal Body (Gray)",4.2 out of 5 stars,64,Price not found
"2020 Samsung Galaxy Tab A 8.0"" Tablet (Latest Model), 32GB, Android 9.0 Pie, 1280x800 Resolution, Dual Camera, Wi-Fi, Bluetooth,13+ Hour Battery, w/Marxsol 32GB SD Card, White",4.1 out of 5 stars,55,Price not found
"Tablet 10 Inch - LNMBBS Octa-Core,Android 10.0 Google GMS Certified,4GB RAM + 64GB ROM,128GB Expandable,Wi-Fi,Keyboard,Mouse,Tablet Cover and More Include - Gray",5.0 out of 5 stars,17,Price not found
"Tablet PC, Veidoo 10.1"" Inch Tablet, HD Screen, IPS Display, Dual Camera, WiFi/GPS/OTG, 3G Phablet with Dual Sim Card Slots, 1GB Memory, 16GB Storage, Android Tablet PC (Black)",3.9 out of 5 stars,709,Price not found
"TECLAST Android Tablet 8 inch 1.6GHz Quad Core Processor, Android 10 Tablet, 2GB RAM 32GB ROM Tablet, 1280x800 HD IPS Display, 2.4G+5G WiFi Bluetooth 5.0 Type-C GPS TF Expansion 2MP Rear Camera",3.5 out of 5 stars,41,Price not found
"Kids Tablet 7 inch Tablet for Kids with Case Android 9.0 GMS WiFi 3GB RAM 32GB ROM Eye Protection HD Touch Screen with Dual Camera, Educational,Games,Parental Control Learning Kids Software",3.9 out of 5 stars,102,Price not found
"Lenovo Tab M10 FHD Plus 10"" Tablet 32GB WiFi MediaTek Helio P22T, Iron Grey (Renewed)",2.5 out of 5 stars,2,132.99
"MARVUE Pad M30 Tablet, 10.1 Inch Android 10 Tablets, 3 GB RAM 32 GB ROM Storage,13MP+5MP Dual Camera, WiFi, FM, GPS, 1.6GHZ Octa-Core Processor, 1920x1200 IPS FHD Screen Tablet (Black)",4.6 out of 5 stars,40,Price not found
"Android 10 inch Tablet PC, Octa-Core CPU, 4GB RAM 64GB ROM, IPS HD Display 1280×800, Dual Sim Card Slots, Calls, Internet Entertainment, High-Definition Audio and Video (Black)",3.5 out of 5 stars,36,Price not found
"Tablet 10 inch Android 9.0 Pie OS, 4 GB RAM 64 GB Storage, 5MP Rear Camera, Quad-Core Processor, 10.1 inch IPS HD Display, Wi-Fi",3.7 out of 5 stars,160,Price not found
"SAMSUNG Galaxy Tab S7 (5G Tablet) LTE/WiFi (AT&T), Mystic Black - 128 GB (2020 Model - US Version & Warranty) - SM-T878UZKAATT",5.0 out of 5 stars,3,849.99
"Venturer Small Wonder 7"" Android Kids Tablet with Disney Books, Bumper Case & Google Play, 16GB Storage & 2GB RAM Dual Band 5GHz/2.4GHz WiFi (Blue)",4.3 out of 5 stars,481,59.99
"Venturer Small Wonder 7"" Android Kids Tablet with Disney Books, Bumper Case & Google Play, 16GB Storage & 2GB RAM (Purple)",4.3 out of 5 stars,233,69.99
"Samsung Galaxy P610 Tab S6 Lite 10.4-Inch 64 GB WiFi Android 10 Touchscreen Tablet (Oxford Gray) Bundle S Pen Included - Hard Case, Screen Protector, 32GB microSD Card",4.5 out of 5 stars,75,359.99
"Tablet 10.1 inch, 2 in 1 Tablet with Keyboard Case Quad Core 1.3Ghz Processor, Android 9.0 GO Tablets, HD 1280 x 800 IPS Display, Type-C,BT4.2,WiFi,64GB Storage, Metal Body-Blue",4.1 out of 5 stars,672,Price not found
"Contixo K101A 10 inch IPS Display Kids Tablet with 2GB RAM 16GB ROM Android 10 Parental Control for Children Infant Toddlers at Home School, Educational Tablet for Kids, WiFi, Child-Proof Case (Red)",4.1 out of 5 stars,232,119.95
"Tablet 10 inch Android OS, Quad Core, Google Certified Tablets with SD Card Slot, Dual Cameras & Speakers,16GB Storage, 5G+2.4G WiFi, 1280×800 HD Touchscreen, Bluetooth, GPS, 6000mAh – Black",3.9 out of 5 stars,"2,628",Price not found
"[3 Bonus Items] Simbans TangoTab 10 Inch Tablet and Keyboard 2-in-1 Laptop, 3 GB RAM, 64 GB Disk, Android 9 Pie, Mini-HDMI, Micro-USB, USB-A, Inbuilt GPS, Dual WiFi, Bluetooth Computer PC - TL93",3.9 out of 5 stars,"1,726",Price not found
"[3 Bonus Items] Simbans TangoTab 10 Inch Tablet and Keyboard 2-in-1 Laptop, 4 GB RAM, 64 GB Disk, Android 10, Mini-HDMI, Micro-USB, USB-A, Inbuilt GPS, Dual WiFi, Bluetooth Computer PC -TLX",3.8 out of 5 stars,351,Price not found
"RCA Voyager 7” Android 10 Tablet w/Google Play, 16GB Storage, 2GB RAM, WiFi, Camera",3.7 out of 5 stars,241,59.99
"2 in 1 Android Tablets 10 Inch, 64GB ROM 4GB RAM Tablet PC with Wireless Keyboard Mouse, Quad Core, HD/IPS,Dual 4G SIM/WiFi, 8000mAh, GPS, Bluetooth, Google Certified Computer Tablet",4.4 out of 5 stars,16,Price not found
"SANNUO Kids Tablet 10.1 inch, GMS-Certified Android 9.0,Kids -Mode,2GB RAM,2.0+5.0MP Dual Camera,IPS1280x800 Screen,3G,GPS,Google Play with Learning App for Children.",4.0 out of 5 stars,"1,276",Price not found
"VIVIMAGE 10.1 inch Tablet, Android 10, 3G Phone Tablets with Dual SIM Card, 32 GB Storage, 8MP Camera, Quad-Core Processor, 10"" HD Display, Wi-Fi, USB Type C Port, GPS, Black",5.0 out of 5 stars,4,Price not found
"Tablet 10 Inch, Android 10 Tablet, 3G Phablet with Dual Sim Card & 5MP Camera Tablet PC, 2GB+32GB Storage, 1280x800 IPS HD Touchscreen, Quad Core, WiFi, Bluetooth, GPS, 2G/3G Phone Network(Black)",3.6 out of 5 stars,178,Price not found
"PRITOM Tablet 7 inch, Android 9.0 Tablet PC with 2 GB RAM, 32 GB Storage, Quad-Core Processor, IPS HD Display, Wi-Fi,Bluetooth, Dual Camera, Android Tablet with Cover Case (Black1)",4.1 out of 5 stars,28,Price not found
"Android Tablet, Octa-Core CPU, 3GB RAM, 32GB, Support 2.4+5G Wi-Fi, 8MP Dual Camera, FM, GPS, 10.1Inch Tablets，1080P Full HD Display for Online Lesson,Reading (Silver)",4.3 out of 5 stars,71,Price not found
"Android Tablet 10 Inch, 3G Phone Tablets with 32GB Storage, Dual SIM Card Slots, Quad-Core Processor, HD Touchscreen, WiFi, Bluetooth, GPS - Silver",3.9 out of 5 stars,"1,336",Price not found
"10 Inch Tablet 8 Core - TOSCIDO Android 10.0 Ultra-Fast,2GB RAM 32GB ROM,72 Hours Long Standby,WiFi Support/Bluetooth4.2/ Keyboard/Mouse/Tablet Cover and More Include - Golden",4.3 out of 5 stars,369,Price not found
"KUNWFNIX Kids Tablet 7 inch,GMS-Certified Android 9.0 and Kids-Mode Dual System,Quad Core,1GB RAM,16GB ROM,Dual Camera,Full HD Screen,Google Play and Learning App for Children",3.5 out of 5 stars,236,66.99
"Android Tablet 10 Inch, 5G WiFi, Quad-Core Processor, 16GB Storage, 1280x800 IPS HD Display, Android 8.1 Go, Dual Camera, Bluetooth, GPS, Google Certified Tablets PC - Black",4.0 out of 5 stars,551,Price not found
RCA 11 Delta Pro 11.6 Inch Quad-Core 2GB RAM 32GB Storage IPS 1366 x 768 Touchscreen WiFi Bluetooth with Detachable Keyboard Android 9.0 Tablet (Burgundy),4.2 out of 5 stars,109,Price not found
"Lectrus Tablet 7 inch Android 9.0 Pie (GMS Certified), 2GB+16GB Storage, WiFi Android Tablets for Kids, 1080p Full IPS HD Display, Dual Camera, Google Play, Kid-Proof Case, Parental Control, Pink",3.9 out of 5 stars,164,Price not found
"Kids Tablet 7 inch Android 10.0 - Kids Edition Tablets with Case - Quad Core - RAM 1GB | 16GB ROM - JUSYEA J3-3000mAh Battery | WiFi | Bluetooth, Entertainment | Education (Pink)",3.7 out of 5 stars,42,Price not found
"Tablet 10.1 Inch Android 10.0 Tablets 4 GB RAM 64 GB ROM Storage, 5G WiFi, Quad Core Processor, 8000mAh Battery/Type-C",0,0,Price not found
"Tablet for Kids, 7 Inch Kid Tablets Edition Android 9.0 with WiFi, 2+16GB, Parental Control, Preloaded Learning & Training Apps, Games for Toddlers 2-10 and Child Tablet Cover Kid-Proof Case (Blue)",4.0 out of 5 stars,469,Price not found
"Samsung Galaxy Tab A 8.0"" with S Pen (2019) 32GB, 4200mAh Battery, 4G LTE Tablet GSM Unlocked SM-P205, International Model (Wi-Fi + Cellular, Gray)",4.6 out of 5 stars,771,254.99
"MARVUE Pad M20 Tablet, 10.1 Inch Tablet Android 10 Tablets, 2GB RAM 32GB Storage, 8MP+5MP Dual Camera, Wi-Fi, Bluetooth, HDMI, FM, GPS, 6000mAh Battery, 1280x800 IPS HD Screen Tablet (Black)",5.0 out of 5 stars,15,Price not found
"Samsung Galaxy Tab A 8.0in 16GB, Wi-Fi Tablet - Black (Renewed)",4.4 out of 5 stars,452,129.0
10 Inch Android 4.4 Tablet by Azpen for Internet Browsing and Social Media Basic Use Entry Level,2.3 out of 5 stars,41,Price not found
10.1 Inch Windows 10 Tablet 2-in-1 Touchscreen Mini Laptop with Detachable Keyboard/IPS 1280x800 /4GB RAM /32GB ROM/Dual Webcam/Bluetooth 4.2/WiFi/HDMI/Micro SD,3.3 out of 5 stars,40,219.99
Kids Tablet 7 Inch Quad Core Kids Learning Tablet Android 10 WiFi Bluetooth 2G 32G GMS Dual Camera for Home School Children Toddlers Parent Control Educational Apps Kid-Proof Case Great Gift,3.9 out of 5 stars,405,Price not found
Google Certified 10 Inch Android 10 OS Tablet by Azpen IPS 1280 x 800 HD Display 2GB RAM 32GB Storage Dual Camera Quad Core Bluetooth GPS,4.0 out of 5 stars,137,Price not found
"Huawei MediaPad M5 Lite Tablet with 10.1"" FHD Display, Octa Core, Quick Charge, Quad Harman Kardon-Tuned Speakers, WiFi Only, 3GB+32GB, M-Pen Lite Stylus Included, Space Gray (US Warranty)",4.4 out of 5 stars,263,227.32
"YESTEL 10.1 Inch Tablet 4G LTE SIM + 5G/2.4G Dual Band WiFi, Android 10 Tablets with Octa-Core 64GB ROM 3GB Fast RAM, Full HD Display, 6000mAh Battery, Dual Camera 5.0 + 8.0MP, Bluetooth, GPS - Gray",4.4 out of 5 stars,391,Price not found
7 Kids Tablet Android Tablet for Kids WiFi Toddler Tablet 1G+16GB Quad Core Kids Tablets with Bluetooth Camera Support Google Play Store Netflix YouTube Parental Control Kids Learning Tablet (Pink),3.7 out of 5 stars,673,Price not found
Tablet for Kids 7 Kids Tablet for Toddlers 1GB 16GB Android 9.0 Toddler Tablets with Case Included WiFi Camera HD Screen Google Play Store YouTube Parental Control (Pink),4.2 out of 5 stars,160,Price not found
"10.1"" Inch Android Tablet PC,3G Unlocked Phablet 4GB RAM 64GB Storage with Dual sim Card Slots and Cameras, Tablet PC with WiFi, Bluetooth,GPS(White)",3.5 out of 5 stars,"1,092",Price not found
"Kids Tablet for Learning, Android 8.1 Tablet for Kids, 7 inch 1024x600 HD IPS Screen, 1GB RAM+16GB ROM, with WiFi, Bluetooth, Dual Camera, Parental Control & 1.8GHz Quad-core Processor-Blue",3.7 out of 5 stars,7,Price not found
"TJD 7.5 Inch Android Tablet, 1440x1080 IPS Display, Android 10, 2GB RAM 32GB ROM, 2MP+5MP Dual Camera, Quad-Core Processor, Wi-Fi Bluetooth Google Certified 3500mAh Black Red",3.0 out of 5 stars,9,Price not found
"10 inch Android Tablet PC, 4GB RAM, 64GB ROM, Octa-Core Processor, IPS HD Display 1280×800, Dual Sim Card Slots, WiFi, GPS, Bluetooth (Silver)",2.0 out of 5 stars,2,Price not found
"Android Tablet 10 Inch, 3G Phablet Android 9.0 Pie, Dual SIM Card Slots and Cameras, GMS Certified, 32GB, Bluetooth, WiFi,GPS,Silver",3.9 out of 5 stars,"1,142",Price not found
"Tablet 10 Inch, Android 9.0 Pie Tablet with 32GB/128GB Expand, 3G Phone Tablets & Dual Sim Card & 2MP+ 5MP Dual Camera, Quad Core Processor, 1280x800 IPS HD Display, WiFi, Bluetooth, GPS, FM(Black)",3.8 out of 5 stars,10,Price not found
"ZONKO 10 Inch Android Tablet, 3G Phone Call Tablet with 2 sim Card Slots, Included Bluetooth Keyboard, Wireless Mouse, Stylus, Quad-Core Processor, 2GB RAM 32 GB ROM 128GB Extended Memory, WiFi, GPS",3.9 out of 5 stars,52,Price not found
"Kids Tablet PC, Veidoo 10.1"" Android Tablet PC, 1280 x 800 HD IPS Screen, 1GB Memory, 16GB Storage, Premium Parent Control Pre-Installed Educational APP, Tablet PC for Student (Blue)",4.0 out of 5 stars,215,Price not found
"GPD XD Plus [Official distributor,Latest HW & Most Stable Update] Foldable Handheld Game Consoles 5"" Touchscreen, Android 7.0 Fast Mediatek MT8176 Hexa-core 2.1GHz CPU, 4GB RAM/32GB ROM",4.3 out of 5 stars,271,Price not found
"Android Tablet 10 Inch, Google Android 8.0 Unlocked Tablet PC with Dual SIM Card Slots, 3G Phone Support, Octa Core Processor, 64GB, 2MP+8MP Dual Camera, WiFi, Bluetooth, GPS (Silver)",3.6 out of 5 stars,44,Price not found
"8"" Windows 10 Ultra Slim Windows Tablet - 2GB RAM 64GB Storage, 1280x800 IPS HD Display, 4,000mAh Battery, 8 inch, Black",3.3 out of 5 stars,21,Price not found
"Fusion5 10.1"" 2in1 Google Certified Android Laptop Tablet PC - (Powerful Processor, Android 10 Q, 3GB RAM, 32GB Storage, Dual Cameras, HD IPS, Type C, Bluetooth Tablet PC with Docking Keyboard)",4.2 out of 5 stars,236,169.99
"Used sur face pro 3 Tablet 95% New 12 Inches Touchscreen 4th Gen Intel Core i5-4300U 4 GB RAM 128 GB SSD with Type Cover Keyboard and Windows 10, Include Charger",0,0,Price not found
"Pritom TronPad P7 PRO 7'' Tablet - Android 9.0 Pie Tablet with 2GB RAM, 32 GB Storage, Quad Core Processor, HD IPS Display, Dual Camera, Bluetooth, WiFi Tablet PC with case, Black",4.0 out of 5 stars,48,Price not found
"Android Tablet 10 Inch, 5G WiFi Tablet, 1GB RAM, 16GB ROM, Quad-Core Processor,800x1280 Touch Screen Full HD Display, Bluetooth, GPS, OTG – Silver",4.1 out of 5 stars,47,Price not found
"VANKYO MatrixPad P40 Tablet 10.1"", Octa-Core 2GHz Processor, Android 10 Tablets, 1080P Full HD IPS Display, 64 GB Storage, 3 GB RAM, 13MP+5MP Dual Camera, Micro HDMI, 5G Wi-Fi, GPS, Space Gray",0,0,Price not found
"CHUWI UBook X 12'' Touchscreen Windows 10 Tablet PC, Intel N4120 Quad Core Processor, 2K Display, 8GB RAM/256GB SSD with Type-c, USB 3.0 (Keyboard and Pen not Included)",4.1 out of 5 stars,39,Price not found
"Dragon Touch Notepad Y80 8 inch Tablet, 2GB RAM 32GB Storage, Android 9.0 Pie Android Tablet, Quad-Core, 8"" IPS HD Display, 8MP Rear Camera, WiFi Only, Black",3.5 out of 5 stars,35,Price not found
"Samsung Galaxy T290 Tab A 8-Inch 32 GB WiFi Android 9.0 Touchscreen Tablet Silver (2019) International Version Bundle - Case, Screen Protector, Stylus, 32GB microSD Card & Mobile Deals Cleaning Cloth",4.6 out of 5 stars,303,Price not found
"Tablet 10 Inch 3G Phone Tablets with 32GB Storage Dual Sim Card Tablet PC with Silicone Case, WiFi, Bluetooth, 5MP Camera, GPS, Quad Core, HD Touchscreen, Support 3G Phone Call (Black)",3.6 out of 5 stars,9,Price not found
"7 inch Android 10.0 Tablet qunyiCO Y7, 2GB RAM 32GB Storage, Dual Camera Quad-Core 1024 x 600 IPS HD Display Screen Bluetooth Wi-Fi Only, Google GMS Certified 3000mAh",3.7 out of 5 stars,145,Price not found
"Android Tablet 10 inch, Octa Core Processor, 5G & 2.4G WiFi Tablets with 32GB Storage, 5MP+13MP Dual Cameras & Micro SD, 1280×800 IPS HD Display, Bluetooth, USB Type-C, Google Play, Gray",5.0 out of 5 stars,1,Price not found
"Tablet 10 inch Android, 3G Unlocked Phablet, 2GB RAM 32GB Storage Dual Sim Cards, Google Certified, Quad Core Processor, IPS HD Screen, WiFi, Bluetooth, GPS - Black",3.8 out of 5 stars,399,Price not found
"Alcatel 1T 7.0"" 9013A (16GB, WiFi + Cellular) Face Unlock, Android 10, GPS, Tablet + Phone US 4G Volte GSM Unlocked (T-Mobile, AT&T, Metro PCS, Straight Talk) (Prime Black)",4.0 out of 5 stars,63,Price not found
"HP Elite X2 G4 13-Inch Tablet Computer and Docking Station Bundle (i5-8265U, 512GB SSD, 8GB RAM) Windows 10",5.0 out of 5 stars,1,Price not found
"Samsung Galaxy Tab A7 10.4"" WiFi + Cellular 32GB 4G LTE Tablet & Phone GSM Unlocked International Model w/US Charging Cube + 128GB MicroSD Card",4.6 out of 5 stars,181,Price not found
"Samsung Electronics Galaxy Tab S5e 10.5"", 64GB, Silver (LTE Verizon + WiFi) - SM-T727VZSAVZW",4.5 out of 5 stars,43,488.99
Kids Tablet 7in Toddler Tablet for Kids Android 10 Childrens' Tablet for Toddlers with WiFi Camera 2GB + 32GB Parent Control Google Play Store YouTube Netflix Parental Control Mode（Rose red）,3.9 out of 5 stars,179,Price not found
"10 inch Tablet Android 8.1, Quad-Core, Google Certified, 16GB, 3G Unlocked Phone Tablet with Dual Sim Card Slots & Cameras, IPS HD Touchscreen, WiFi, Bluetooth, GPS, FM, Netflix, 6000 mAh, Black",3.9 out of 5 stars,51,Price not found
"5G WiFi 2 in 1 Tablet 10 inch Android 10.0 Tablet，4GB RAM 64GB ROM/128GB Expansion Tablet PC with Keyboard Mouse,Quad Core Processor10.1 IPS Touch-Screen,Bluetooth, Google Certification Tablets",3.6 out of 5 stars,10,Price not found
"Tablet 10 Inch, Quad Core Android 9 1280x800HD Touchscreen Tablets with WiFi, 6000mAh Battery, 32GB ROM 128GB Expand Storage, Dual Camera. Bluetooth/GPS/FM/OTG/Google Certified,（Black）",3.4 out of 5 stars,29,Price not found
"Tablet 8 Inch 4G Phone Tablets Dual Sim Card, Octa-core Processor,1920x1200 Full HD Display, Android 10 Tablet, with 3GB RAM 32GB Storage,8MP+5MP Camera, Phablet,WiFi, Bluetooth, GPS (Gray)",0,0,Price not found
"Android 10.0 Tablet,Octa-Core Processor,3GB RAM 32GB Storage,10 inch 1920x1200 HD,5G WiFi Tablets,USB Type C Port,Bluetooth, Blue Light Filter Screen,Black",3.9 out of 5 stars,24,Price not found
RCA 11 Delta Pro 11.6 Inch Quad-Core 2GB RAM 32GB Storage IPS 1366 x 768 Touchscreen WiFi Bluetooth with Detachable Keyboard Android 10 Tablet,4.3 out of 5 stars,113,Price not found
"iProda Android Tablet, 10.1 Inch Tablet with HD IPS Display, Android 9.0, 3GB RAM & 64GB ROM, Google GMS Verified, WiFi, Bluetooth, GPS, Camera, Super Slim Design with Metal Shell & Tablet Case",3.7 out of 5 stars,93,Price not found
"8 inch Android Tablet, Vastking Kingpad SA8 V2.0 Android 10.0, 1920x1200 IPS, Full HD, 3GB RAM, 32GB Storage, 13MP Camera, 5Ghz WiFi, Bluetooth 5.0, GPS, Octa Core, Blue Light Filter, Silver",0,0,Price not found
Tablet for Kids 7inch Kids Tablet for Toddler Tablets with Case Tablets for Kids Premium Kids Tablets 1GB 16GB IPS Safety Eye Protection Screen Parental Controls YouTube Google Tablet Kid Pink,4.1 out of 5 stars,401,Price not found
"AEEZO Kids Tablet 7 inch WiFi Android 10 Tablet PC 2020 New FHD 1920x1200 IPS Screen, 2GB RAM 32GB ROM",4.0 out of 5 stars,670,Price not found
"CHUWI Hipad X Android 10.0 Tablet PC, 10.1 inch Unlocked Phablet 4G LTE with Dual Micro SIM, RAM 4G / ROM 128G, Support GPS, OTG, FM, G-Sensor, Light Sensor, TF Card, BT 5.0, Dual WiFi",4.2 out of 5 stars,89,Price not found
"Android 10 Tablet: Blackview Tablet 10.1 inch 3GB+32GB, 6580mAh Battery, 13MP+5MP Dual Cameras, 1920×1200 FHD IPS Display, Otca Core Processor Android Tablet, WiFi Support-Grey",4.3 out of 5 stars,56,Price not found
YELLYOUTH 10.1 inch Tablet Android 10 with Dual Sim Card Slot Octa Core 4GB RAM 64GB ROM 4G LTE Phone Call with WiFi GPS Bluetooth Camera Silver,3.6 out of 5 stars,13,Price not found
"CARRVAS Tablet for Kids, 7inch WiFi & Android 8.1 KidsTablet 1G(RAM)+16G, Pre-Installed Iwawa, Parenting Control Tablet with Educational Games App",3.0 out of 5 stars,18,Price not found
"Kids Tablet 7 inch, WiFi Android 9.0 Pie Tablet for Kids, 2GB RAM 16GB ROM, Kid Edition Tablets, Parental Control, Education Apps Pre Installed, Dual Camera, 7” HD Display, Kids- Proof Case, Pink",4.1 out of 5 stars,181,Price not found
"[3 Bonus Item] Simbans TangoTab 10 Inch Tablet 4 GB RAM, 64 GB Disk, Android 10, Mini-HDMI, Micro-USB, USB-A, Inbuilt GPS, Dual WiFi, Bluetooth, IPS Screen, Dual Camera Computer PC - TCX",4.0 out of 5 stars,"1,622",Price not found
"YIERA 10 inch Android 8.1 Tablet Unlocked Pad with Dual SIM Card Slot 10.1"" IPS Screen 4GB RAM 64GB ROM 3G Phablet Built-in Bluetooth WiFi GPS Tablets (Metallic Silver)",3.6 out of 5 stars,303,Price not found
"Kids Tablet, 7 inch Android 9.0 Toddler Tablet for Kids Edition Tablet with Parental Control, Kids Software Pre-Installed,WiFi Dual Camera 1GB+16GB, 1024 x 600 IPS Screen, and Kids-Proof Case (Pink)",3.8 out of 5 stars,19,Price not found
"RCA 11.6"" Tablet with Keyboard Folio (Rose Gold)",4.4 out of 5 stars,12,Price not found
"Kids Tablets, Android Tablet for Kids, 16GB ROM, IPS Eye Protection Display, Kids Tablet with WiFi Dual Camera Parental Control Kid-Proof Case and Learning Games, Best Gift for Boys Girls, Pink",3.6 out of 5 stars,626,Price not found
"Vastking Kingpad Z10 10 inch Tablet, Android 11, 2 GB RAM, 32 GB Storage, Quad-Core Processor, 10.1"" IPS 1280x800 Display, USB Type C Port, GPS, FM, 8MP Rear Camera, Slate Black Metal Body",0,0,Price not found
"RCA 11 Delta Pro 11.6 Inch Quad-Core 2GB RAM 32GB Storage IPS 1366 x 768 Touchscreen WiFi Bluetooth with Detachable Keyboard Android 10 Tablet (11.6"", Purple)",4.2 out of 5 stars,102,Price not found
"Haehne 7 inch Tablet, Android 6.0, Quad Core Processor, 1G RAM 16GB Storage, HD Display, Dual Camera, FM, WiFi Only, Bluetooth, Blue",3.2 out of 5 stars,917,Price not found
"10 inch Tablet, Android OS with 3GB RAM 32GB ROM, Octa-core UPC, Support 5G WiFi, 8 MP Dual Camera, 1920X1200 HD Touch Screen for Kids, Teenagers and Elderly, Black (Case and 64GB Extra Sd Card)",5.0 out of 5 stars,7,Price not found
"Ultra Rugged Android Tablet Barcode Scanner, 8-inch / IP67 Fully Waterproof/Integrated Zebra 2D QR Scan Engine/GPS, for Enterprise Data Collection",3.8 out of 5 stars,6,629.99
"JREN Android Tablet 10 inch, 10 inch Tablet with 3GB RAM 32GB ROM Octa-Core Processor, J10 1200x1920 IPS Full HD Display, 6000mAh Battery 5G WiFi USB Type-C GPS FM -Black",4.5 out of 5 stars,26,Price not found
"TJD 7 inch Kids Tablet, Android 10.0 OS Tablet for Kids, Parent Control, iWawa Learning Software, 2GB RAM 16GB ROM, Dual Cameras, Bluetooth, WiFi, Frog Style with Stand Boys Girls Gifts MT-761QU",4.6 out of 5 stars,9,Price not found
"Android 10 Tablet, Facetel Q3 Pro 10 inch Tablets-Octa Core Processor 1.6GHz, 32GB ROM 128GB Expand, HD IPS Screen, Google Certification, Wi-Fi, Bluetooth, GPS, Metal Body - Grey",4.2 out of 5 stars,205,Price not found
"Kids Tablet 7"" Inch IPS HD Display Android 10.0 Tablet PC for Kids GMS Certificated 2GB RAM 16GB ROM WiFi Hand Free Silicon Case Kids Educational APP Google Kids Tablet Red",4.1 out of 5 stars,112,Price not found
"Tablet PC 7 inch,Android Quad Core Tablet Computer with Keyboard,Dual Camera,40GB Storage Capacity,Capacitive Touch Screen,Support WiFi,Bluetooth,GPS(with Stylus) (Pink)",3.3 out of 5 stars,145,Price not found
"Android 10, 8-inch Android Tablet, Vastking Kingpad SA8 Octa-Core Processor, 3GB RAM, 32GB Storage, 1920x1200 IPS, 5G Wi-Fi, GPS, 13MP Camera, Blue Light Filter Screen, Rose Gold",5.0 out of 5 stars,1,Price not found
"Tablet 8 inch, 8"" HD Display,Android 10.0,2GB RAM,32GB Storage, 5100mah,IPS hd Display,Quad-Core Processor, 5MP 8MP Dual Camera,Wi-Fi,Bluetooth,GPS oteeto - Tablet PC (Black)",4.0 out of 5 stars,3,Price not found
"10 Inch Tablet 3GB RAM 32GB ROM, Android 10 WiFi Tablet with Cover Case Stand, 1.6GHz Quad Core, HD Touchscreen, Dual Speakers - Black",4.1 out of 5 stars,50,Price not found
Nvidia Corporation 900-14932-2500-000 Rtx Nv Link Bridge 3 Slot,4.6 out of 5 stars,48,159.54
"Wecool Tablet Android 8.1 Go [GMS Certified], 10 inch Unlocked 3G Phablet,1GB+16GB Storage,Tablet PC with Dual Sim Card Slots, Dual Cameras,OTG, WiFi, Bluetooth,GPS, OTG",3.9 out of 5 stars,330,Price not found
Kids Tablets pc 7 Android Kids Tablet for Kids Learning Tablet Quad Core with WiFi Dual Camera IPS Safety Eye Protection Screen 1GB 16GB Storage,3.8 out of 5 stars,750,Price not found
"Octa-Core Tablet 10.1 Inch, Android 10.0 Tablet, 32GB ROM/128GB Expand, 1920x1200 IPS HD Glass Display, Dual 18MP Camera, WiFi/Bluetooth/GPS/OTG/Google Certified Tablet [2021 Latest Black]",4.1 out of 5 stars,55,Price not found
"Android Tablet 10 inch, HD Touchscreen 2-in-1 Tablet with Keyboard Case Computer Quad-Core 1.3Ghz Processor 4G+64GB Harddrive Android 9.0 GO Tablets, Support 3G Phone Call, Type-C,BT4.2 GPS FM 4G WiFi",4.5 out of 5 stars,45,Price not found
"Tablet 10.1 inch Android Go 8.1 Tablet PC,Google Certified, 1GB RAM, 16GB Storage, WiFi, Bluetooth,GPS, 1280X800 IPS Screen, 3G Phablet with Dual Sim Card Slots,Dual Camera",3.9 out of 5 stars,"2,393",Price not found
"RCA 11 Delta Pro 2 11.6"" 128GB 2-in-1 Tablet with Folio Keyboard (Rainbow)",3.8 out of 5 stars,13,Price not found
"Rand McNally OverDryve 7 Pro Gen 2, 7-inch GPS Truck Tablet, Easy-to-Read Display, Dash Cam, Custom Routing, and Satellite Radio (OD7PROII)",3.5 out of 5 stars,18,549.99
"Tablet 10.1 Inch Android 9.0, 2 in1Tablet PC with Wireless Keyboard Mouse& Tablets Case, 4GB RAM +64GB ROM/128GB Computer Tablets, 8MP Quad Core/Dual Sim/8000 mAh,Support 3G/4G Phone Call (Green)",4.7 out of 5 stars,3,Price not found
"10 inch Android Tablet, Octa-Core CPU, 4GB RAM 64GB ROM with 1280x800 HD Display, 5G-WiFi Dual Camera, 3G-Unlocked with WiFi Bluetooth Tablets (Silver)",0,0,Price not found
"Rugged Tablet 10.1 in, 2GB RAM 16GB Storage Android7.0, Shockproof/Waterproof/Dustproof Tablets, 1280x800 IPS HD Display, GPS, FM, Wi-Fi",3.4 out of 5 stars,23,Price not found
"Kids Tablet - 7 Inch Tablet for Kids, Android 10.0 Edition Tablet with 2+32 GB, Parental Control & Kids Software Pre-Installed, WiFi DualCamera, IPS HD Screen Protector, with Kids-Proof Case (Pink)",0,0,Price not found
Kids Tablet 7 Android Kids Tablets for Kids Edition Tablet PC Android Quad Core Toddler Tablet with WiFi Dual Camera IPS Safety Eye Protection Screen and Parental Control Mode,3.7 out of 5 stars,"1,653",Price not found
"2 in 1 Tablet 10.1 Inch, Dual 4G SIM, Android 10 Tablet, 64GB ROM/128GB Tablet with Keyboard Mouse, Octa-Core Processor, 18MP Camera, 6000mAh, WiFi, GPS, Google Store Tablet PC(2021 Silver)",0,0,Price not found
Skylanders Trap Team Starter Pack - Wii,4.7 out of 5 stars,744,58.5
"Samsung Galaxy Tab A 8.0"", 32GB, Black (LTE AT&T & WIFI) - SM-T387AZKAATT",4.4 out of 5 stars,77,218.48
"Tablet 10.1 Inch, Android 10.0 Pie Quad-Coree Tablet+Keyboard with 4GB RAM 64GB ROM,1920 x 1200 IPS HD Display，4G WiFi 5MP and 8MP Cameras DUODUOGO P8 (10 inch, 4 GB RAM and 64 GB ROM, Black)",4.0 out of 5 stars,"1,015",Price not found
"Tablet 10 inch Android 10.0,Quad-Core Processor,2GB RAM,32GB Storage,3G Phone Tablets with Dual Sim Card Slots,1280x800 IPS HD Display,6000mAh Battery,Dual Cameras,WiFi, Bluetooth, GPS,Black",3.9 out of 5 stars,43,Price not found
"Blackview Tab8 Tablet, 10.1 inch Android 10 3g Phone Tablets with 64 GB Octa Core Processor, 1920x1200 IPS FHD Display, 13MP+5MP Dual Camera, GPS, FM, 5G WiFi, Grey",4.3 out of 5 stars,56,Price not found
"Tablet 10 Inch, 2021 Android 10 Tablet with 2GB RAM 32GB Storage, Dual Camera, Quad Core, HD IPS Touchscreen, WiFi, Bluetooth, GPS, GMS Certified - Black",4.2 out of 5 stars,8,Price not found
"TJD MT-1011OF 10 inch Android Tablet, Android 10.0 with Built-in Stand, 3GB RAM 32GB Storage, Octa-Core Processor, HD Display, Front 2.0MP Rear 5.0MP Camera, Y4.0 Bluetooth, WiFi, G-Sensor, GPS, Black",5.0 out of 5 stars,3,Price not found
"iProda Kids Tablet, 7 inch HD Display Android 9.0, Panda Toddler Tablet with 2GB RAM & 16GB ROM, Educational Games, Parental Controls, Best Gift for Kids",3.8 out of 5 stars,211,Price not found
10 inch Android 4.4 OS Tablet HD Display 8GB Storage Front Webcam Play Store for Entry Level Basic use,2.1 out of 5 stars,7,Price not found
"Lectrus Tablet 10 inch Android 9.0 (GMS Certified), 32GB Storage, Quad Core Processor, 3G Tablet PC with Dual Sim Card Slots and Cameras, IPS HD Touchscreen, WiFi, Bluetooth, GPS, YouTube, Netflix",3.9 out of 5 stars,794,97.99
"[3 Bonus Items] Simbans TangoTab XL 11.6 Inch Tablet and Keyboard, 2-in-1 Mini Laptop, Android 10, 4 GB RAM, 64 GB Storage, Mini-HDMI, 8MP Camera, USB, GPS, Dual WiFi, Bluetooth Computer PC - TLXL",3.9 out of 5 stars,7,Price not found
"Tablet 10 inch, Android 9.0 Pie, 2GB RAM, 32GB Storage, 3G Phablet, Quad-Core Processor, Dual SIM Card Slots and Cameras, WiFi, Bluetooth - Silver",3.9 out of 5 stars,114,Price not found
"Tablet 10 inch, Ultra-Fast Ten-Core 2 in 1 Android 9.0 Tablets, 3GB RAM 64GB Storage, 18MP Dual Camera, Wi-Fi, Bluetooth, GPS, 8000 mAh, Include Keyboard, Mouse, Tablet Case and More (Gray)",4.6 out of 5 stars,29,Price not found
"Venturer 11.6"" [WT9L11P44GD51] Windows Laptop/Tablet with Keyboard, 64GB Storage, 4GB RAM, Intel Pentium N5000 Processor, FHD Display",4.3 out of 5 stars,62,Price not found
"2 in 1 Tablet 10.1 inch Android 10.0 Tablets，4GB RAM 64GB ROM/128GB Expansion Tablet PC with Keyboard Mouse,5G/2.4G WiFi,Quad Core Processor10.1 IPS Touch-Screen,Dual Cameras, Bluetooth, 6000mAh",3.8 out of 5 stars,16,Price not found
"Tablet 10 inch, Android 9.0 Pie, 3G Phablet, 2GB RAM, 32GB Storage, Quad-Core Processor, Dual SIM Card Slot and Cameras, WiFi, Bluetooth - Black",3.8 out of 5 stars,244,Price not found
"Tablet 10.1 Inch Android 9.0 3G Phone Tablets with 2GB RAM+32GB ROM Dual Sim Card 2MP+ 5MP Camera, WiFi, Bluetooth, GPS, Quad Core, HD Touchscreen, Support 3G Phone Call (Black)",3.8 out of 5 stars,204,Price not found
"Haehne 7 inch Tablet, Android 9.0 Pie, Quad Core, 1G RAM 16GB Storage,7"" IPS Display, Dual Camera, WiFi Only, Bluetooth, Pink",3.4 out of 5 stars,457,Price not found
"Android Tablet 10 Inch with Sim Card Slots - 10.1"" 4GB RAM 64GB ROM Octa Core 3G Unlocked GSM Phone Tablet PC with WiFi Bluetooth GPS Netflix YouTube (Black)",3.5 out of 5 stars,142,Price not found
"Tablet 10 Inch Android 9.0, 2GB+32GB, Quad-Core Processor, 10 in 1280x800 IPS HD Display, 2MP+ 5MP, Bluetooth, WiFi, GMS 3G Phone Tablets - Silver",4.0 out of 5 stars,206,Price not found
"Alcatel 3T 8 9032T (32GB, 2GB) 8.0"" Cellular Tablet with Calling, 4080mAh Battery, Face Unlock, Android 10, GPS, US 4G LTE GSM Unlocked (T-Mobile, AT&T, Metro, Straight Talk) (Black)",3.8 out of 5 stars,23,133.99
"Tablet 10 inch, Android 9.0 Quad-Core Processor Tablet PC with 4GB RAM, 64GB Storage, Dual Sim Card Slots, Dual Camera, 1280x800 IPS Full HD Display, 4G Wi-Fi（Golden）",4.0 out of 5 stars,325,Price not found
"ZTE ZPAD 8 K83V 8"" 4G LTE Android HD Display Tablet Wi-Fi Verizon + GSM Unlocked 32GB 8MP Camera",4.1 out of 5 stars,4,120.05
"Tablet 10.1 Inch, Android 10.0 Tablets with 32GB ROM/128GB Expansion, 10.1"" IPS Touch-Screen,Quad-Core Processor,5.0 MP+ 8.0 MP Camera,Dual SIM 4G,8000mAh,Bluetooth, GPS, WiFi,Google GMS Certified",5.0 out of 5 stars,6,Price not found
"Android Tablet 7.5Inch, 2GB RAM 32GB ROM, 1440x1080 IPS Touch Screen, Quad-Core Processor, Android 10, 2MP+5MP Dual Camera, Wi-Fi, Bluetooth, Google Certified, Long-Lasting Battery, Purple",0,0,Price not found
"Tablet 8 inch, Android 9.0 Pie, 2 GB RAM 16 GB Storage, 1280x800 IPS HD Display, Wi-Fi, Bluetooth, Quad-Core, Black",0,0,Price not found
"10 Inch Tablet with Keyboard, Android 10 Tablet Octa-Core, 4GB RAM, 64GB Storage, 1080P Full HD Tablet with Cover Case Built-in Stand, Dual Speakers",0,0,Price not found
"TJD MT-701QU 7 inch Tablet,Android 10.0,1GB RAM 16GB ROM,Front 0.3MP, Rear 2.0MP Camera,Bluetooth,WiFi,G-Sensor,Diamond Shaped Designed Back,Black",2.2 out of 5 stars,20,Price not found
"Ultra Rugged Android Tablet Barcode Scanner, 8-inch / IP67 Waterproof/with Zebra 1D Laser Scan Engine/GPS, for Warehouse Management",4.2 out of 5 stars,11,Price not found
"Tablet 10 Inch Android Version, 3G Phone Tablets with 32GB Storage,Dual Sim Card,Support 3G Phone Call, HD Touchscreen,5MP Camera,WiFi, Bluetooth, GPS",3.7 out of 5 stars,70,Price not found
"Tablet 10 Inch Android 9 HD Touchscreen Phone Tablets with Sim Card, Quad Core, 32GB ROM /128 GB Expand, 3G Phone Call, WiFi, Bluetooth, Dual Camera, GPS, GMS Google Certified Tablet PC, (Black)",3.8 out of 5 stars,139,Price not found
"10 inch Google Android 8.1 Nougat System Unlocked Pad with Dual SIM Card Slot XINYANGCH 10.1"" IPS Screen 4GB RAM 64GB ROM 3G Phablet Built-in Bluetooth WiFi GPS Tablets (Metallic Black)",3.6 out of 5 stars,192,Price not found
"Android Tablet 10 Inch, 3G Phablet, Android 9.0 Tablets, 32GB Storage, Google Certified, Dual SIM Card Slot and Cameras, WiFi, Bluetooth – Silver",4.0 out of 5 stars,785,Price not found
"Android 9.0 Tablet, 4GB, 64GB, 1920x1200 IPS, 1080P FHD Touch Screen, up to 1.6Ghz Octa-core Processor, 5G/2.4G WiFi, GPS, Bluetooth 5.0 Tablet",3.3 out of 5 stars,3,Price not found
"Kids Tablets PC, Veidoo 7 inch Android 8.1 Tablet with Google Play Store GMS Certification 16GB Storage, IPS Screen, Premium Parent Control Pre-Installed iWAWA APP, Best Gift for Kids (Pink)",3.9 out of 5 stars,310,Price not found
"Tablet 10.1 inch Android 10 Tablet, 4GB RAM, 64GB Storage, IPS HD 1280X800, 1.5GHz Quad-Core Processor, Dual Band Wi-Fi, Bluetooth, 5000mAh Battery Life, 2 MP Front Mount and 13MP Rear Mount, Grey",4.3 out of 5 stars,85,Price not found
"qunyiCO Y10 Kids Tablet 10 inch, 2GB RAM 32GB Storage Android 10.0 WiFi Camera Bluetooth 1280 x 800 IPS HD Touch Screen Kid-Proof Case Parental Control Learning App on Google Certified Playstore …",0,0,Price not found
"HAOVM 10.1 Inch Android 10.0 Tablet,P20 MediaPad 1920x1200 IPS FHD Display Screen Tablets,Octa-Core 1.6GHz Processor,5MP+13MP Dual Camera,3GB RAM,64GB Storage,5G WiFi,128GB Expand,6000mAh,GPS,Silver",4.5 out of 5 stars,2,Price not found
YELLYOUTH 10 inch Tablet Android 10.0 Deca Core 4GB RAM 64GB ROM with Sim Card Slot 4G LTE Phone Call Phablet with WiFi GPS Bluetooth and Dual Camera Silver,3.7 out of 5 stars,46,Price not found
"Fusion5 7"" KD095 Kids Tablet PC - 64-bit Quad-core, Android 8.1 Oreo, WiFi, Parental Controls, Kids Learning Tools, 32GB Storage, Dual Cameras, Kids apps, Tablet PC for Kids (Pink)",3.4 out of 5 stars,134,Price not found
"Kids Tablet, Veidoo Educational 7 inch Android Tablet PC, Children Tablet with GMS Certified, Android 10, WiFi, Dual Camera, HD Display, Parental Control APP, Learning Tablets for Kids (Pink)",3.8 out of 5 stars,120,Price not found
"HUAWEI Mediapad M5 Lite 10.1 inch WiFi Android Games Tablet PC 4GB+64GB Microsd Kirin 659 Octa Core LTE 7500mah Android 8.0,Fingerprint Unlock,Gray",5.0 out of 5 stars,2,Price not found
"EGOTEK 7 Inch WiFi Tablet, Android 9 Pie GMS Certified OS, 2.5D Glass Touch Screen, IPS Screen,1.5GHz Quad Core, 2GB+16GB, 2.0+5.0MP Camera, Long Life Battery, Free Leather Case(Red)",3.2 out of 5 stars,52,Price not found
"2 in 1 Android 10.0 Tablet 10 Inch 5G Dual WiFi Tablets with Keyboard 4GB RAM 64GB ROM 128GB Expand, Quad-Core 1.6GHz Tablets, Bluetooth, 6000mAh, Type-C, Google GMS Certified Tablet PC",4.6 out of 5 stars,7,Price not found
"TECLAST P20HD Tablet 10 inch 4GB RAM 64GB ROM, 1.6GHz Octa-Core CPU Android Tablet, 1920x1200 FHD IPS, 2.4G+5G WiFi 2MP+5MP Camera, Bluetooth 5.0 Type-C GPS",0,0,Price not found
"[3 Bonus Items] Simbans TangoTab 10 Inch Tablet and Keyboard, 2-in-1 Android 10 Mini Laptop, 4 GB RAM, 64 GB Storage, Mini-HDMI, USB, GPS, Dual WiFi, Bluetooth Computer PC - New 2021 Model - TLX2",4.3 out of 5 stars,3,Price not found
"10 Inch Tablet, Android Tablet with 2GB+32GB, Dual Sim Card 5MP Camera, WiFi, Bluetooth, GPS, Quad Core, HD/IPS Touchscreen, Support 3G Phone Call, Google Certified Tablet (Silver)",3.4 out of 5 stars,207,Price not found
"Tablet 10 Inch 5G Wi-Fi, Octa-Core Android 9.0 Pie Tablets, 2GB+32GB, 13.0MP & 5.0MP Dual Camera, Bluetooth 5.0, GPS/FM Support - Gray",1.0 out of 5 stars,1,Price not found
"TJD 10 inch Tablet with Stand and case,Android 10 Google Tablet 2GB RAM, 32GB ROM,1280x800 IPS Display, Dual Cameras, Google Certified, Blue",4.2 out of 5 stars,37,Price not found
"Samsung Galaxy Tab E 8.0"" SM-T377A 16GB Android Tablet WIFI + 4G LTE (GSM Unlocked) - Black",4.1 out of 5 stars,262,189.44
"Tablet 10 Inch, 3G Phablet, 16GB Storage, 5MP+2MP Dual Camera, 1280x800 IPS Touchscreen, Support Wi-Fi, Bluetooth, GPS - Black",3.9 out of 5 stars,259,Price not found
"Android 10.0 Tablet, Memzuoix 10.1 Inch FHD Tablet PC with Octa-Core Processor| 3GB RAM+64GB ROM| 1920x1200 IPS, Camera, 7,000mAh Battery Wi-Fi Bluetooth, Space Black",2.5 out of 5 stars,2,Price not found
"7 Inch Kids Tablet, Android 9.0 Edition, 2+32GB, WiFi Tablets, Parental Control, Preloaded Learning & Training Apps, Games, Kids Software Pre-Installed with Kids-Proof Case (Blue)",0,0,Price not found
RCA 11 inch Delta Pro 2 Laptop Tablet with Detachable Keyboard,5.0 out of 5 stars,1,159.99
"RCA 10"" Quad-Core 2GB RAM 32GB Storage Touchscreen WiFi Bluetooth with Detachable Folio Keyboard Android 10 Tablet (Silver)",0,0,Price not found
"Fusion5 104Bv2 PRO 64GB Android Tablet PC - (Android 9.0 Pie, Bluetooth, Dual-Band Wi-Fi, HDMI, IPS Screen, GPS, FM and Quad-Core CPU Fast Multitasking for HD Videos, Movies, Gaming)",3.9 out of 5 stars,30,119.97
"Tablet 10.1 inch Android 10.0, 2GB RAM 32GB Storage, Quad-Core Processor, 1280x800 IPS HD Display, 5000mAh Battery, 3G Phone Tablets & Dual Sim Card, Bluetooth, GPS, WiFi (Silver)",5.0 out of 5 stars,1,Price not found
"Tablet with Keyboard, Android 9.0 Tablet PC, 10.1 Inch Quad-Core with 3GB RAM, 32GB Storage,8MPDual Camera Dual SIM,GPS,Bluetooth,WiFi -Black",3.6 out of 5 stars,137,Price not found
"High-Performance Tablet, 10-inch Tablet with Keyboard and Mouse, Android 9.0 Quad-Core Processor Tablet, 3GB RAM +64GB with Google GMS Certification, 4G WiFi, 8000 mAh, FM, GPS, Bluetooth, OTG",3.9 out of 5 stars,131,Price not found
"Newest Lenovo Flex 3 11.6"" 2-in-1 Touchscreen Chromebook----MediaTek MT8173C, 4GB Memory, 32GB eMMC Flash Memory, Platinum Grey",4.6 out of 5 stars,3,Price not found
"Kids Tablet, 7 Inch Andriod 9.0 Tablet for Kids, 2GB +16GB, Kids Mode Pre-Installed, Educational Apps, Games, Camera and WiFi - Kids-Proof Case Pink",3.7 out of 5 stars,400,Price not found
"Visual Land Prestige Elite 10.1"" IPS [2 in 1] Quad Core 64Bit 16GB Android 7.0 Nougat Tablet with Docking Keyboard Case Stand, Paisley (ME10QDDC16MAGP)",3.7 out of 5 stars,111,99.99
"10.1 inch Android Tablets,iProda T1045A Tablets 1280x800 HD IPS Screen,3GB RAM,64GB,Android 9.0 Quad Core Processor,Dual-Band Wi-Fi,GPS,Metal Shell",3.7 out of 5 stars,55,119.98
"Android Tablet 10 Inch, 5G WiFi Tablet, 16 GB Storage, Google Certified, Android 8.1 Go, Dual Camera, Bluetooth, GPS - Silver",4.0 out of 5 stars,319,Price not found
Samsung Galaxy Tab A7 10.4 Wi-Fi 32GB SM-T500 Gray,4.6 out of 5 stars,23,234.99
"Samsung Galaxy Tab S2 9.7"" 32GB Wifi Tablet Silver",5.0 out of 5 stars,1,269.17
"Ematic 10.1"" EGQ239BD 16GB Tablet Bundle (Wi-Fi, Black)",4.0 out of 5 stars,13,109.99
"[4 Bonus Item] Simbans TangoTab 10 Inch Kids Tablet with RED Bumper Case 4 GB RAM, 64 GB Disk, Android 10, WiFi, USB, HDMI, Bluetooth, 2+5 MP Camera Computer PC - TKX",3.6 out of 5 stars,181,Price not found
"Victbing Android 10.0 Tablet 10 inch, 2GB RAM, 32GB, Quad-Core, 3G SIM Phone Tablets, Dual Cameras & Speakers, 1280x800 IPS HD Touchscreen, WiFi, Bluetooth, USB Type-C, Google Certified, GPS – Silver",4.0 out of 5 stars,798,Price not found
"Rand McNally 8PRO OverDryve 8 PRO 8"" Dashboard Tablet with GPS",3.6 out of 5 stars,25,599.99
"mayceyee 10.1"" FHD Tablet PC, with Android 10.0 System, Octa-core Processor, 3GB RAM, 64GB Storage, 64GB Extend TF Card Port, 7000mAh Battery, Wi-Fi and Bluetooth",2.9 out of 5 stars,4,Price not found
"Samsung Galaxy Tab A T515 10.1"" (WiFi + Cellular) 4G LTE GSM International Version 32GB Tablet Bundle with Case, Screen Protector, Stylus and 32GB microSD Card [Gold]",4.6 out of 5 stars,453,289.99
10.1Inch 1280x800 IPS Tablet PC 2G RAM 32G ROM Android 7.0OS Cameras Quad-core CPU Cameras WiFi AGPS 3G SIMfree Playstore (Silver),3.7 out of 5 stars,120,Price not found
"Android Tablet 10 inch, Android 10.0 OS, 2GB+32GB, Quad Core, 10.1 inch 1280x800 IPS HD Screen, Google Tablet with Micro SD & Dual Camera, WiFi, USB Type C Port, Bluetooth, GPS, FM, Black",4.2 out of 5 stars,28,Price not found
"2 in 1 Tablet 10.1 inch Android 9.0 Tablets, 4GB RAM 64/128GB ROM Tablet PC with Keyboard Mouse, 13MP Dual SIM 4G /WiFi Quad Core Computer Tablets, 8000mAh, GPS, Bluetooth, with Tablet Case (Green)",3.0 out of 5 stars,3,Price not found
"Jumper 11.6 inch Full HD Touchscreen Laptop 4GB RAM, 128GB eMMC 360 Degree Convertible Tablet PC Windows 10 Ultrabook PC Intel Celeron N4100 Quad Core Processor",4.0 out of 5 stars,10,Price not found
"RCA 11.6"" Tablet with Keyboard Folio (Black)",5.0 out of 5 stars,1,Price not found
"Samsung Galaxy Tab A 8.0"" 16GB Smoky Titanium - SM-T350NZAAXAR",4.5 out of 5 stars,876,Price not found
"RCA Under Cabinet Speaker Dock with 11.6"" Space Saver Android Tablet 2GB RAM 32GB",4.2 out of 5 stars,28,Price not found
"HP OfficeJet Pro 69Series Color Inkjet All-in-One Wireless Printer - 4-in-1 Print, Scan, Copy, Fax for Office - Instant Ink Ready - 2.65"" CGD Touchscreen, 20 ppm Print Speed",5.0 out of 5 stars,2,Price not found
"2020 New Android Tablet 10 Inch, Android 9.0 Pie, GMS Certified, 4GB RAM 64GB Storage, Quad-Core Processor, IPS HD Display, Wi-Fi, Bluetooth, GPS",3.1 out of 5 stars,49,Price not found
"Kids Tablet, Android 9.0 Tablet for Kids, 2GB RAM & 16GB ROM, Kids Edition Tablet with Kids-Proof Case Parental Control WiFi, Pink",3.5 out of 5 stars,244,Price not found
"LENOVO 10E CHROMEBOOK Tablet, MTK MEDIATEK MT8183 Processor (2.00GHZ, 1MB), 10.1",4.3 out of 5 stars,7,242.99
"10 inch Android Google Tablet, Android 9.0 Pie, GMS Certified, 2GB RAM, 32GB Storage, Quad-Core Processor, IPS HD Display, Wi-Fi, Bluetooth, GPS",3.6 out of 5 stars,182,Price not found
"2 in 1 Tablet 10 Inch Android 10.0 Tablets, 4GB RAM 64GB ROM Tablet PC with Keyboard Mouse,8MP Dual Camera,Dual 4G / WiFi,8000mAh, GPS, Bluetooth, Google Certified Tablet",5.0 out of 5 stars,2,Price not found
"Kids Tablet 10 Inch, 3G Phone Tablets for Children, Android 10 Tablet 32GB ROM, 2GB RAM, 1280x800 HD IPS Display, WiFi Android Tablet for Toddlers, Kid-Proof Case, Blue",4.0 out of 5 stars,2,Price not found
"Tablet 10.1 inch Android 9.0 Go 1280x800 IPS HD Display with Wireless Keyboard Case Quad-Core 1.3Ghz Processor, 3 GB RAM, 32 GB Storage, 8MP Rear Camera, Bluetooth, Wi-Fi, USB, GPS",3.8 out of 5 stars,401,Price not found
Xgody 7 Inch Kids Tablet 3GB RAM 32GB ROM Tablet for Kids Android 10.0 Toddlers Tablet with WiFi Bluetooth Dual Camera Kid's Learning-Educational APP Pre-Installed Parental Control with Case,0,0,Price not found
"TJD 7 inch Android Tablet, 2GB RAM 32GB ROM, 14401080 HD Display, Front 2.0MP, Rear 5.0MP Camera, Bluetooth,WiFi, G-Sensor (Purple)",1.0 out of 5 stars,1,Price not found
"Tablet for Kids 7 inch Kids Tablet, 2GB RAM 16GB ROM, Android 9.0 Tablet, IPS HD Display, Parent Control,Kid-Proof, Google Certified Playstore, WiFi,Android Tablet, Blue",3.8 out of 5 stars,231,Price not found
"10 inch Android WiFi Tablet, Android 9.0 Pie, GMS Certified, Quad Core 64 bit, 4GB RAM, 64GB Storage, IPS HD Display, Bluetooth, GPS",3.6 out of 5 stars,15,Price not found
Skylanders Trap Team Starter Pack - Wii U,4.7 out of 5 stars,354,Price not found
"Tablet 10.1 Inch Android 9.0, 2 in1Tablet PC with Wireless Keyboard Mouse& Tablets Case, 4GB RAM +64GB ROM/128GB Computer Tablets, 8MP Quad Core/Dual Sim/8000 mAh,Support 3G/4G Phone Call (Gold)",3.7 out of 5 stars,89,Price not found
"Tablet 10.8 inch Android 10.0, 5G WiFi Tablets 6GB RAM,128GB/512GB ROM, Ultra-Fast 2K FHD, 16MP+8MP Camera, 4G LET Dual SIM& WiFi, GMS Certified Computer Tablets with Keyboard & Tablets Case (Orange)",2.7 out of 5 stars,4,Price not found
"Tablet 10 inch, Android 8.1 Go Tablets PC, 3G Phablet with Dual Card Slot, Dual Camera, 1+16GB, GMS Certified, 1.3GHz, 1280x800 IPS, WiFi, Bluetooth, GPS - Black",3.9 out of 5 stars,343,Price not found
"RCA Tablet Quad-Core 2GB RAM 32GB Storage IPS HD Touchscreen WiFi Bluetooth with Detachable Keyboard Android 9 (10"", Burgundy)",4.3 out of 5 stars,51,Price not found
"TJD Tablet for Kids, MT-702QU 7 inch Android Kids Tablet, Parental Control and Learning Game Apps, Fall-Proof Covers at The Four Corners, 1GB RAM 16GB ROM, 1024 x 600 TN Screen, Bluetooth, Blue",3.5 out of 5 stars,16,Price not found
"Lectrus Tablet 10 inch Android Version, Quad-Core 1.3GHz, 5G WiFi Tablets PC with Dual Cameras, 800x1280 Touch Screen Full HD Display, 16GB, 6000mAh Battery, Bluetooth, FM, YouTube, Black",3.9 out of 5 stars,459,Price not found
"Astro Tab K10-10 Inch Quad Core 64 bit Android 9.0 Tablet PC with HD IPS Display 1920 x 1200, 3GB RAM, 32GB Storage, Bluetooth 4.0, 10 inch Screen, Google Play (GMS & FCC Certified)",1.7 out of 5 stars,10,79.99
"Haehne 8 inch Tablet, Android 9.0 Pie, 2G RAM 32GB Storage, 8"" IPS Display, Quad Core Processor, Dual Camera, FM, WiFi Only, Bluetooth, Pink",3.6 out of 5 stars,97,Price not found
"Tablet 10 Inch 5G WiFi - LNMBBS P401 Android 10.0,1920x1200 HD IPS,Octa-Core,3GB RAM,64GB ROM,13M & 5M Camera,Bluetooth 5.0/Face Recognition,6000 MAh Long Standby,Type C - Black",3.7 out of 5 stars,75,Price not found
"RCA 11.6"" Tablet with Keyboard Folio (Butter Rum)",3.5 out of 5 stars,3,Price not found
"Samsung Electronics SM-T830NZALXAR Galaxy Tab S4 with S Pen, 10.5"", Gray",4.7 out of 5 stars,"1,294",749.99
"Android Tablet: 8 Inch Tablet, 2 GB RAM&32 GB Storage, Android 10.0 OS Quad Core Processor, 1280X800 Full HD Display, Dual Camera&Dual Speakers, GPS, FM, USB Type C Port, Wi-Fi (Slate Black",0,0,Price not found
RT71-Pro Ruggedized Tablet,0,0,Price not found
"Android Tablet 10 inch, IPS HD Display, Android 10.0 Tablet, Octa-Core Processor, 3GB RAM, 32GB ROM, Support 4G Phone Call, Tablet PC with 5G WiFi, Bluetooth, GPS(Gray)",0,0,Price not found
"MediaPad T3 10"" AGS-L03 4G LTE Tablet 16GB 2 RAM -Android Nougat -Aluminum Alloy Body (Gray) -International Version- No Warranty",5.0 out of 5 stars,8,139.22
"10.1'' Inch Google Android Tablet PC, YITAOERA Android 9.0 Phablet Tablet Quad Core 2GB RAM 32GB ROM, Dual Camera, 2.4 WiFi, Bluetooth, GPS,1280x800 HD IPS Screen, Google Play (Black)",3.5 out of 5 stars,26,Price not found
"HP Stream 14"" HD WLED-backlit Student Laptop, AMD A4-9120e, 4GB DDR4, Radeon R3, 64GB eMMC, Wi-Fi 5 (2x2), Bluetooth 5, Webcam, Windows 10 S, Accessory Bundle, Wireless Mouse, 1-Yr Office 365 Personal",3.3 out of 5 stars,5,309.0
"10.1'' Inch Tablet PC, Android 8.1 Phablet Tablet Quad Core 4GB RAM 64GB ROM, Dual Camera, 2.4 WiFi, Bluetooth, GPS,1280x800 HD IPS Screen(Black)",3.4 out of 5 stars,29,Price not found
"VANKYO 7 inch Kids Tablet, 32GB ROM, Kidzo Pre Installed, IPS Display, Dual Camera, WiFi Android Tablet, Kid-Proof Case, Blue",0,0,Price not found
"Kids Tablet, 7inch IPS HD Screen, GMS Certified Android 9.0 OS, 2GB RAM & 16GB ROM, with WiFi, Bluetooth, Dual Camera, Pre-Installed Parent Control APP-IWawa and Silicone Kid-Proof Case(Sky Blue)",5.0 out of 5 stars,2,Price not found
"Android Tablet 10 Inch Tablet 10.1,4GB RAM 32GB ROM Octa core Tablet with WiFi 1280 x 800 IPS Full HD Display Google You Tube Netflix Newest Android System Black Metal Case",4.2 out of 5 stars,67,Price not found
"Tablet 10 inch,LAMZIEN Kids Tablet,Android 8.1 Quad-Core 1.8Ghz 2GB RAM 32GB Storage 1280x800 IPS Display 3G Dual-SIM Kids Software Pre-Installed,Pink",3.7 out of 5 stars,510,Price not found
"Android Tablet 10.1 inch, Google Certified, 2 GB RAM, 32 GB Storage, 8MP Rear Camera, Quad-Core Processor, IPS HD Display, Support WiFi, Bluetooth, GPS, FM",4.3 out of 5 stars,86,Price not found
MobileDemand Flex 10A Android 9.0 Pie Rugged Touchscreen Tablet w/Keyboard | Ultra Lightweight | 10.1-in Display | GMS Certified | MIL-STD-810G | Quad-Core for Enterprise Mobile Field Work,3.8 out of 5 stars,8,446.0
"Lenovo Tab M8 FHD, 8.0"" FHD, MediaTek Helio P22T, Octa-Core, 2.30GHz, 3GB",3.7 out of 5 stars,23,199.0
"Ematic 10-Inch Android 7.1 (Nougat), Quad-Core 16GB Tablet with Folio Case and Headphones, Pink",2.8 out of 5 stars,8,Price not found
"5G WiFi Tablet 10.1 inch Android 10.0 Tablet PC with 64GB ROM/128GB Expansion, 1.6 GHz Quad Core Processor,10.1"" IPS Touch-Screen,Dual Camera, Bluetooth, 6000mAh,Google Certified Tablets",4.3 out of 5 stars,3,Price not found
Skylanders Trap Team Starter Pack - Xbox 360,4.6 out of 5 stars,610,Price not found
"7 inch Kids Tablets Android 9.0 Tablet,2GB RAM 16GB ROM, Kidoz Pre Installed, IPS HD Display, WiFi, Kid-Proof - Blue",3.9 out of 5 stars,79,Price not found
"NVIDIA SHIELD K1 8"" Tablet - Black",4.1 out of 5 stars,"3,147",Price not found
"Tablet 10.1 Inch Android 8.1 Tablets with 4GB RAM+64GB ROM 2MP+ 5MP Camera, WiFi, Bluetooth, GPS, Quad Core,1280x800 HD Touchscreen - 6000mAh Battery",0,0,Price not found
10 inch Google Android 8.1 Tablet Unlocked Pad with Dual SIM Slot 2.5D Curved Glass Touch Screen 4GB RAM 64GB ROM 3G Phablet Built-in Bluetooth WiFi GPS Tablets (Metallic Silver),3.9 out of 5 stars,133,Price not found
"AOYODKG M8 Tablet, Android 10.0 Ten Core Processor Tablets, 10.8"" FHD Display with Tablet Case 4GB RAM, 64GB Storage, GMS Certified, 5G WiFi, GPS, USB Type C Port, Metal Body- (Green)",3.8 out of 5 stars,67,Price not found
"Lectrus Tablet 10 inch Android 9.0 Pie,GMS Certified,Unlocked Phablet,WiFi Tablets (10.1"" Display, 2GB+32GB),Bluetooth,6000mAh,USB- Black",3.9 out of 5 stars,817,Price not found
"LLLCCORP 10"" Tablet Android 8.1 Quad Core 1.3Ghz Dual SIM Card Slots 4GB RAM 64GB ROM Built in WiFi Bluetooth GPS (Black)",3.5 out of 5 stars,22,Price not found
Azpen K749 Kids Tablet (Blue),3.7 out of 5 stars,67,69.7
"CHUWI Hipad Plus Android 10.0 Tablet with MT8183 Octa-core Processor, 4GB RAM/128 GB ROM, 13MP+5MP Dual Camera, 2.4G/5G Dual WiFi",5.0 out of 5 stars,2,Price not found
"Haehne 7 inch Tablet, Android 9.0 Pie, 1G RAM 16GB Storage, Quad Core Processor, 7"" IPS Display, Dual Camera, FM, WiFi Only, Bluetooth, Pink",3.4 out of 5 stars,243,Price not found
Samsung Galaxy Tab A (8.4 inch) 32GB Verizon Android Tablet and Case Bundle | WiFi + 4G LTE | SM-T307U | SM-T307UZNAVZW | 5000mAh Battery | Black | with Protective TPU Back Cover,0,0,Price not found
"YUNTAB Unlocked 2G Cell Phone for Seniors and Kids, Easy to Use, Large Button and Volume and Fonts, Long-time Standby, with Dual Sim Card Slot, LED Flashlight, 1.77 inch Anti-Fall",3.1 out of 5 stars,32,Price not found
"2 in 1 Tablet 10.1 Inch, Dual 4G Cellular, 64GB/128GB ROM, Android 10.0 Tablet with Keyboard, 18MP Camera, Octa-Core Processor, WiFi, GPS, Bluetooth, Google Certified Tablet PC(2021 Gray)",0,0,Price not found
Samsung Galaxy Tab S7 Series Wi-Fi 128GB 6GB RAM (Mystic Bronze),5.0 out of 5 stars,4,649.99
"NETPAL Deca-Core Android 10 Inch Tablet with 4GB RAM 64 GB Storage, 13MP Rear Camera, 1920x1200 IPS Full HD Display, Bluetooth 4.2, 4G LTE + 5G Wi-FI, GPS, Capacitive-Touch G+G (Gold)",4.3 out of 5 stars,13,Price not found
DELL Commercial Commercial CASE LATI 7200,3.5 out of 5 stars,10,54.18
"Kids Tablet 7 inch, Android Tablet with Parental Control, 2GB RAM+16GB ROM, WiFi, Bluetooth, IPS HD Display, Kid-Proof Case Included - Blue",3.5 out of 5 stars,4,Price not found
Premium RCA Voyager 7-inch Touchscreen Tablet PC 1.2Ghz Quad-Core Processor 1G Memory 16GB Hard Drive Webcam Wifi Bluetooth Android 6.0 Marshmallow OS Black,3.7 out of 5 stars,"1,324",Price not found
"Kids Tablet, Android 10.0 Tablet for Kids, 7 inch 1280x800 HD IPS Eye Protection Screen, 1GB RAM+16GB ROM, with WiFi, Bluetooth, Dual Camera & Parental Control, Best Gift for Boys and Girls (Blue)",3.2 out of 5 stars,87,Price not found
"Tablet 10 Inch, Android 10, 4G LTE, 64GB Ram, 4GB ROM, Octa Core, HD, WiFi, GPS, GSM, Dual Sim Card, Cheap, 1080P IPS (Black)",3.7 out of 5 stars,146,Price not found
LENOVO IDEA ZA5C0045US Smart Tab M8 HD 2/32,3.5 out of 5 stars,8,Price not found
"Samsung Galaxy Tab S3 9.7"" 32GB - Black (Verizon Wireless) SM-T827VZKAVZW",4.4 out of 5 stars,7,781.83
"Acer Enduro T1 ET108-11A-80PZ Rugged Tablet, 8.0"" WXGA IPS Touch, MediaTek MT8385 Octa-Core Processor, 4GB LPDDR4, 64GB eMMC, WiFi-5, Front 2MP Webcam, Rear 5MP Webcam, Handstrap, Android 9 Pie",4.0 out of 5 stars,7,346.99
"Android 10.0 Tablet 10 Inch 5G Dual WiFi Tablets with Keyboard 4GB RAM 64GB ROM 128GB Expand, Quad-Core 1.6GHz Tablets, Bluetooth, 6000mAh, Type-C, Google GMS Certified Tablet PC",4.2 out of 5 stars,8,Price not found
"10.1 Inch Google Android Tablet,PADGENE Android 8.1 Phablet Tablet Quad Core Pad with Dual Camera, 1GB Ram+16GB Disk, WiFi, Bluetooth, 1280x800 HD IPS Screen, Google Play (16GB, Gold)",4.1 out of 5 stars,636,Price not found
"Fusion5 7"" KD095 Kids Tablet PC - 64-bit Quad-core, Android 8.1 Oreo, WiFi, Parental Controls, Kids Learning Tools, 32GB Storage, Dual Cameras, Kids apps, Tablet PC for Kids (Blue)",3.1 out of 5 stars,174,69.99
LENOVO IDEA ZA5T0237US Tab M10 FHD Plus 4G 128G Grey,0,0,Price not found
New Alcatel 1T 7'' 9009G 3G GSM WiFi Tablet Android 8GB ROM + 1GB RAM MicroSD Card up to 128GB / Android Oreo (Go Edition) Works Worldwide & in The U.S Black,5.0 out of 5 stars,1,Price not found
"Lenovo ZA470006US Tab E10, 10.1″ WXGA Touchscreen, Snapdragon 210, 2GB RAM, 16GB SSD, Android 8.1, Black (Renewed)",4.1 out of 5 stars,319,129.99
"Tablet 10 inch Octa Core Tablet, 1920x1200 IPS HD Display, Android 9.0, 32 GB Storage, 5MP Dual Camera, 1920x1200 IPS HD Display,5G WiFi,GPS,Bluetooth,Black",3.3 out of 5 stars,18,Price not found
Tablet Grip for Tablets and Large Smartphones - XL Grip - Black Elastic Strap with Black Base - Finger Grip for Tablet and Large Phone (XL-Black),0,0,Price not found
"Hyundai Koral 10X3 10 inch Tablet, Android 9.0 Pie, 2 GB RAM, 32 GB Storage, Dual Camera, Quad-Core Processor, 10.1 inch IPS HD Display, Wi-Fi [Gold]",3.4 out of 5 stars,29,129.99
"Ematic 10.1"" EGQ239BD 16GB Tablet Bundle (Wi-Fi, Blue) (EGQ239BDBU)",3.4 out of 5 stars,32,84.99
"IVIEW 816TPC, 8"" Android 10 Tablet, 1280 X 800 IPS Display, Quad Core, 2GB/32GB, Dual Camera, WiFi 802.11 b/g/n, Bluetooth 4.2, GMS Certified",0,0,Price not found
"Tablet 10 inch Android 8.1 Tablet PC,3G Phablet with Dual Sim Card Slots,Dual Camera, 4GB RAM, 64GB Storage, 1280X800 2.5D Curved Glass IPS Screen, WiFi, Bluetooth,GPS (Metallic Silver)",3.2 out of 5 stars,20,Price not found
"Android 10 Tablet 8 Inch, 1080P FHD Display 8"" Tablet 3GB RAM 32GB ROM, Android 10 WiFi Tablets, 4G Phone Call Tablets with GPS, Metal Housing, Gray",4.4 out of 5 stars,3,Price not found
"Alcatel 1T 7 9009G 3G GSM Tablet MicroSD Card up to 128GB / Android Oreo (Go Edition) - Works Worldwide & in The U.S (16GB, Black)",3.9 out of 5 stars,19,96.99
"Kids Tablet for Learning and Entertaining, 7 inch 1024x600 IPS HD Screen, 1GB RAM & 16GB ROM, with Microphone Singing Function, HD Camera, WiFi, Bluetooth, Parental Control, Best Gift for Boys Girls",3.5 out of 5 stars,40,Price not found
"10 inch Android WiFi Tablet, Android 9.0 Pie, GMS Certified, Quad Core 64 bit,4GB RAM, 64GB Storage, IPS HD Display, Bluetooth, GPS",3.3 out of 5 stars,56,Price not found
"Vanquisher 8-Inch Rugged Tablet PC, Windows 10 / Intel Quad Core CPU / 32G / High Accuracy GPS GNSS / IP67 Waterproof",0,0,Price not found
"Alcatel 1T10 Smart TAB (Wi-Fi), 32GB+2GB RAM, 10.1-inches HD IPS Tablet, Eye Protection, Kids Mode + Flipcase (Cream Mint)",4.7 out of 5 stars,7,Price not found
Huawei MediaPad M5 lite - 10.1 inch - WiFi Only - 3GB+32GB Quad Harman Kardon-Tuned Speakers- Space Gray,4.2 out of 5 stars,16,Price not found
Samsung Galaxy Tab A7 10.4 Wi-Fi + 32GB SM-T505 Gold,0,0,Price not found
"Tablet 10 Inch, 5G WiFi Tablet, 16GB Storage, Android 8.1 Tablets PC, Quad-Core Processor, Google Certified, HD Display, Bluetooth, GPS, FM",3.9 out of 5 stars,118,Price not found
Zandu Trishun Tablet (30tab),4.2 out of 5 stars,6,9.39
"Test Samsung Galaxy Tab 4 4G LTE Tablet, Black 10.1-Inch 16GB (Verizon Wireless)",0,0,449.99
"SUMTAB 10 Inch Tablet,Android 9.0,3GB RAM,32 GB Storage, Full HD Screen 1280×800,2MP+5MP Dual Camera,GPS,3G,WiFi,Bluetooth (Black)",3.8 out of 5 stars,127,Price not found
"YESTEL Android 10.0 Tablet with Keyboard : 5G WI-FI 10.1 Inch Tablets - 3GB RAM/64GB ROM, 6000mAh Battery, (5.0+8.0MP) Dual Camera, 1280x800 FHD Display, Bluetooth, GPS - Gray",3.6 out of 5 stars,24,Price not found
"Alcatel 3T 8"" Tablet Model 9027W | 16 GB 2GB RAM | Android 8.1 (Oreo) | 4080 mAh battery | Quad-Core 1.5GBz Tab | - WIFI & GSM Unlocked",4.1 out of 5 stars,25,Price not found
RCA Voyager Pro+ 7 Inches 2GB RAM 16GB Storage with Keyboard Case Tablet Android 10 (Go Edition) Black,0,0,69.99
"10 Inch Tablet - Android Tablet 9.0: 800x1280 Touch-Screen, Quad Core, 2GB +32GB, 3G Phone Call, Dual Camera&Speakers, GMS Certified, Fast Response&Charging (Black)",0,0,Price not found
"10.1Inch Tablet PC 1280x800 IPS 2G RAM PC 32G ROM 10"" Display Android 7.0OS Quad-core WiFi Bluetooth Cameras Playstore - Silver",4.0 out of 5 stars,23,Price not found
